City_ID,City,Country,Date,Lat,Lng,Max Temp,Humidity,Cloudiness,Wind Speed
0,Jamestown,US,2021-11-09 21:24:26,42.097,-79.2353,63.72,78,90,1.01
1,Ushuaia,AR,2021-11-09 21:27:23,-54.8,-68.3,67.66,34,75,19.57
2,Aitape,PG,2021-11-09 21:27:24,-3.1374,142.3475,79.52,86,50,6.78
3,Hilo,US,2021-11-09 21:22:33,19.7297,-155.09,82.26,66,1,6.91
4,Motozintla,MX,2021-11-09 21:27:24,15.3667,-92.2333,73.49,71,34,3.51
5,Sechura,PE,2021-11-09 21:27:24,-5.5569,-80.8222,74.91,59,84,14.52
6,Ribeira Grande,PT,2021-11-09 21:27:25,38.5167,-28.7,63.0,82,20,6.91
7,Funadhoo,MV,2021-11-09 21:27:25,6.15,73.2667,81.46,78,100,15.32
8,Bengkulu,ID,2021-11-09 21:27:26,-3.8004,102.2655,76.78,88,100,5.17
9,Faanui,PF,2021-11-09 21:27:26,-16.4833,-151.75,79.57,72,21,10.29
10,Cam Ranh,VN,2021-11-09 21:27:26,11.9214,109.1591,80.56,78,75,10.36
11,Beysehir,TR,2021-11-09 21:27:27,37.6773,31.7246,54.91,34,95,0.63
12,Salalah,OM,2021-11-09 21:27:27,17.0151,54.0924,78.89,65,0,3.44
13,Sovetskiy,RU,2021-11-09 21:27:27,61.3614,63.5842,25.74,94,100,9.42
14,Mataura,NZ,2021-11-09 21:22:39,-46.1927,168.8643,61.52,66,100,1.12
15,Arona,ES,2021-11-09 21:27:28,28.0996,-16.681,61.32,66,40,13.8
16,Robe,AU,2021-11-09 21:27:28,-37.1833,139.75,53.01,56,34,13.76
17,Torres,BR,2021-11-09 21:27:28,-29.3353,-49.7269,65.82,69,5,7.78
18,Port Alfred,ZA,2021-11-09 21:27:29,-33.5906,26.891,61.3,74,0,7.25
19,New Norfolk,AU,2021-11-09 21:27:29,-42.7826,147.0587,53.74,84,100,1.32
20,East London,ZA,2021-11-09 21:24:10,-33.0153,27.9116,60.67,82,0,6.33
21,Prince Rupert,CA,2021-11-09 21:27:29,54.3161,-130.3201,44.29,73,100,14.97
22,Pevek,RU,2021-11-09 21:27:30,69.7008,170.3133,3.92,95,100,5.1
23,Beringovskiy,RU,2021-11-09 21:27:30,63.05,179.3167,16.74,99,93,5.86
24,Christchurch,NZ,2021-11-09 21:27:30,-43.5333,172.6333,63.95,77,75,1.01
25,Grafenau,DE,2021-11-09 21:27:31,48.8577,13.3974,39.45,77,100,3.85
26,Saint George,US,2021-11-09 21:27:06,37.1041,-113.5841,73.87,30,1,3.0
27,Mar Del Plata,AR,2021-11-09 21:27:31,-38.0023,-57.5575,57.22,83,20,8.01
28,Ossora,RU,2021-11-09 21:27:31,59.2353,163.0719,9.12,83,62,5.06
29,Punta Arenas,CL,2021-11-09 21:27:32,-53.15,-70.9167,71.71,15,0,20.71
30,Hobart,AU,2021-11-09 21:27:32,-42.8794,147.3294,54.1,95,75,1.01
31,Airai,TL,2021-11-09 21:27:32,-8.9266,125.4092,62.17,92,46,1.07
32,Coquimbo,CL,2021-11-09 21:23:23,-29.9533,-71.3436,62.33,72,20,10.36
33,Torbay,CA,2021-11-09 21:27:33,47.6666,-52.7314,41.76,90,1,1.01
34,Butaritari,KI,2021-11-09 21:27:33,3.0707,172.7902,82.26,75,66,16.91
35,Labuhan,ID,2021-11-09 21:26:34,-6.8844,112.2051,76.87,91,100,10.38
36,Ejido,VE,2021-11-09 21:27:33,8.5514,-71.2375,72.18,88,88,3.04
37,Lebu,CL,2021-11-09 21:27:34,-37.6167,-73.65,56.39,77,99,9.89
38,Plettenberg Bay,ZA,2021-11-09 21:27:34,-34.0527,23.3716,57.33,72,9,3.02
39,Vaini,TO,2021-11-09 21:27:34,-21.2,-175.2,80.76,89,75,6.91
40,Nanortalik,GL,2021-11-09 21:27:35,60.1432,-45.2371,17.98,74,5,10.71
41,Acapulco,MX,2021-11-09 21:27:35,16.8634,-99.8901,85.82,74,20,6.91
42,Road Town,VG,2021-11-09 21:27:35,18.4167,-64.6167,82.49,69,40,5.75
43,Talnakh,RU,2021-11-09 21:22:41,69.4865,88.3972,-2.18,98,99,5.59
44,Albany,US,2021-11-09 21:25:23,42.6001,-73.9662,60.28,65,9,3.0
45,Serpong,ID,2021-11-09 21:28:36,-6.3169,106.6642,82.27,83,100,2.3
46,Bluefield,US,2021-11-09 21:28:36,37.2698,-81.2223,69.64,24,1,3.0
47,Pontianak,ID,2021-11-09 21:27:17,-0.0333,109.3333,76.98,94,75,3.44
48,Hovd,MN,2021-11-09 21:28:36,48.0056,91.6419,20.03,39,38,2.42
49,Bintulu,MY,2021-11-09 21:28:37,3.1667,113.0333,75.61,100,40,3.44
50,Klaksvik,FO,2021-11-09 21:28:37,62.2266,-6.589,45.52,67,40,38.25
51,Morshansk,RU,2021-11-09 21:28:37,53.4435,41.8107,29.53,72,100,13.8
52,Kyra,RU,2021-11-09 21:27:24,49.5776,111.9753,27.93,57,65,11.07
53,Vardo,NO,2021-11-09 21:28:38,70.3705,31.1107,28.38,86,90,26.46
54,Jaguaquara,BR,2021-11-09 21:28:38,-13.5306,-39.9708,68.56,95,79,5.48
55,Victoria,HK,2021-11-09 21:24:36,22.2855,114.1577,67.24,39,34,1.01
56,Souillac,MU,2021-11-09 21:28:38,-20.5167,57.5167,74.35,78,20,3.44
57,Usinsk,RU,2021-11-09 21:28:39,65.9939,57.5281,8.01,96,25,5.86
58,Omboue,GA,2021-11-09 21:28:39,-1.5746,9.2618,74.93,93,100,2.57
59,Launceston,AU,2021-11-09 21:28:39,-41.45,147.1667,51.62,92,90,1.01
60,Neiafu,TO,2021-11-09 21:28:40,-18.65,-173.9833,83.08,74,40,9.22
61,Cabo San Lucas,MX,2021-11-09 21:26:44,22.8909,-109.9124,88.05,67,100,4.0
62,Kodiak,US,2021-11-09 21:28:40,57.79,-152.4072,31.64,74,40,2.3
63,El Mante,MX,2021-11-09 21:28:40,22.7333,-98.9667,85.86,46,37,7.74
64,Yima,CN,2021-11-09 21:28:41,34.7381,111.8839,39.13,49,0,17.2
65,Luderitz,NA,2021-11-09 21:28:41,-26.6481,15.1594,63.41,57,0,16.8
66,Mahebourg,MU,2021-11-09 21:28:41,-20.4081,57.7,74.25,78,20,3.44
67,Nome,US,2021-11-09 21:28:41,64.5011,-165.4064,19.47,68,75,10.36
68,Grindavik,IS,2021-11-09 21:28:42,63.8424,-22.4338,37.87,81,90,18.41
69,Busselton,AU,2021-11-09 21:28:42,-33.65,115.3333,47.05,80,0,8.59
70,Norsup,VU,2021-11-09 21:28:43,-16.0667,167.3833,81.48,75,4,7.87
71,Kiunga,PG,2021-11-09 21:28:43,-6.1219,141.2906,74.98,99,100,0.69
72,Djambala,CG,2021-11-09 21:28:43,-2.5447,14.7533,69.62,91,100,3.18
73,Nikolskoye,RU,2021-11-09 21:28:43,59.7035,30.7861,33.87,78,100,9.19
74,Rikitea,PF,2021-11-09 21:28:44,-23.1203,-134.9692,74.95,78,89,20.69
75,Sao Filipe,CV,2021-11-09 21:25:25,14.8961,-24.4956,76.82,70,100,7.78
76,Bluff,NZ,2021-11-09 21:28:44,-46.6,168.3333,58.53,79,100,1.01
77,Bethel,US,2021-11-09 21:28:44,41.3712,-73.414,66.58,56,1,4.14
78,Riverton,US,2021-11-09 21:26:45,40.5219,-111.9391,53.11,77,75,5.99
79,Uhlove,UA,2021-11-09 21:28:45,44.8215,33.6045,48.06,67,100,20.98
80,Sitka,US,2021-11-09 21:28:45,57.0531,-135.33,44.49,57,90,3.44
81,Cidreira,BR,2021-11-09 21:28:45,-30.1811,-50.2056,66.9,66,4,9.44
82,Ilek,RU,2021-11-09 21:28:46,51.5271,53.3831,41.52,93,100,6.93
83,Ambovombe,MG,2021-11-09 21:28:46,-25.1667,46.0833,73.27,75,38,7.31
84,Haimen,CN,2021-11-09 21:28:46,23.1935,116.6142,62.49,48,72,9.95
85,Severo-Kurilsk,RU,2021-11-09 21:28:47,50.6789,156.125,35.55,73,100,7.96
86,Frontino,CO,2021-11-09 21:28:47,6.7801,-76.1288,67.5,96,94,3.4
87,Tommot,RU,2021-11-09 21:29:47,58.9564,126.2925,20.68,92,84,5.3
88,Novomykolayivka,UA,2021-11-09 21:29:47,47.9781,35.9102,37.65,61,90,16.26
89,Esperance,AU,2021-11-09 21:29:48,-33.8667,121.9,55.24,58,100,14.83
90,Atuona,PF,2021-11-09 21:28:33,-9.8,-139.0333,78.51,76,2,16.98
91,Yellowknife,CA,2021-11-09 21:29:48,62.456,-114.3525,23.41,100,90,11.5
92,Challans,FR,2021-11-09 21:29:48,46.8436,-1.8749,44.8,77,3,7.4
93,Isiro,CD,2021-11-09 21:29:49,2.7739,27.616,69.48,89,88,2.21
94,Acajutla,SV,2021-11-09 21:29:49,13.5928,-89.8275,89.94,52,3,6.15
95,Staraya Poltavka,RU,2021-11-09 21:29:49,50.4772,46.4814,37.94,68,100,7.67
96,Castro,BR,2021-11-09 21:29:50,-24.7911,-50.0119,69.21,76,1,4.92
97,Jiazi,CN,2021-11-09 21:29:50,22.8779,116.067,60.44,46,63,8.57
98,Puerto Ayora,EC,2021-11-09 21:29:50,-0.7393,-90.3518,76.96,77,98,10.67
99,Arraial Do Cabo,BR,2021-11-09 21:29:50,-22.9661,-42.0278,71.56,78,90,9.22
100,Kaitangata,NZ,2021-11-09 21:29:51,-46.2817,169.8464,60.24,71,100,2.64
101,Falun,SE,2021-11-09 21:29:51,60.6036,15.626,41.41,97,100,6.91
102,Ugoofaaru,MV,2021-11-09 21:26:27,5.6667,73.0,81.75,78,100,16.78
103,Necochea,AR,2021-11-09 21:25:58,-38.5473,-58.7368,59.85,67,9,12.77
104,Tasiilaq,GL,2021-11-09 21:29:51,65.6145,-37.6368,23.16,64,100,5.23
105,Garden City,US,2021-11-09 21:29:29,42.3256,-83.331,55.89,68,90,1.01
106,Salina,US,2021-11-09 21:28:51,38.8403,-97.6114,64.18,50,90,1.99
107,Hermanus,ZA,2021-11-09 21:29:52,-34.4187,19.2345,58.89,75,32,2.44
108,Ilulissat,GL,2021-11-09 21:29:52,69.2167,-51.1,10.42,61,75,12.66
109,Barrow,US,2021-11-09 21:28:06,71.2906,-156.7887,21.22,68,90,16.11
110,Rocha,UY,2021-11-09 21:26:26,-34.4833,-54.3333,62.92,71,14,9.26
111,Alta Floresta,BR,2021-11-09 21:25:23,-9.8756,-56.0861,75.72,87,89,2.89
112,Saint-Francois,FR,2021-11-09 21:29:52,46.4154,3.9054,33.24,93,0,0.0
113,Qaqortoq,GL,2021-11-09 21:29:52,60.7167,-46.0333,18.1,82,6,4.21
114,Garowe,SO,2021-11-09 21:29:53,8.4054,48.4845,72.91,75,20,11.77
115,Guerrero Negro,MX,2021-11-09 21:29:53,27.9769,-114.0611,70.34,60,0,18.52
116,Sann,PK,2021-11-09 21:29:53,26.0418,68.1378,64.31,18,40,7.74
117,La Palma,US,2021-11-09 21:29:26,33.8464,-118.0467,76.75,62,40,5.01
118,Yarkovo,RU,2021-11-09 21:29:54,57.4028,67.0786,35.49,98,100,9.37
119,Hohhot,CN,2021-11-09 21:29:54,40.8106,111.6522,28.69,59,0,13.42
120,Lavrentiya,RU,2021-11-09 21:29:54,65.5833,-171.0,8.89,77,5,6.35
121,Aklavik,CA,2021-11-09 21:29:54,68.2191,-135.0107,14.83,97,92,3.58
122,Carnarvon,AU,2021-11-09 21:29:55,-24.8667,113.6333,62.67,77,4,10.36
123,Belfast,GB,2021-11-09 21:29:55,54.5833,-5.9333,50.38,89,100,10.36
124,Bredasdorp,ZA,2021-11-09 21:29:55,-34.5322,20.0403,52.92,76,65,3.44
125,Dongsheng,CN,2021-11-09 21:29:56,39.8161,109.9776,23.86,64,3,17.63
126,Ramachandrapuram,IN,2021-11-09 21:29:56,16.85,82.0167,71.08,77,98,5.59
127,Thompson,CA,2021-11-09 21:29:56,55.7435,-97.8558,32.16,69,90,16.11
128,Chokurdakh,RU,2021-11-09 21:29:56,70.6333,147.9167,-14.28,94,71,7.45
129,Mount Gambier,AU,2021-11-09 21:29:57,-37.8333,140.7667,48.11,87,90,6.91
130,Itarema,BR,2021-11-09 21:29:57,-2.9248,-39.9167,80.15,75,33,16.6
131,Tanggu,CN,2021-11-09 21:29:57,39.0211,117.6469,42.76,52,0,17.34
132,Oranjemund,NA,2021-11-09 21:29:57,-28.55,16.4333,60.91,79,0,18.14
133,Port Blair,IN,2021-11-09 21:29:58,11.6667,92.75,81.99,81,78,11.34
134,Lagoa,PT,2021-11-09 21:29:58,39.05,-27.9833,65.53,81,5,8.52
135,Naze,JP,2021-11-09 21:30:58,28.3667,129.4833,60.53,58,40,13.71
136,Dikson,RU,2021-11-09 21:30:58,73.5069,80.5464,-2.96,97,27,2.73
137,Gold Coast,AU,2021-11-09 21:29:38,-28.0,153.4333,78.24,87,90,5.75
138,Perivolion,GR,2021-11-09 21:30:59,39.4206,20.0147,63.0,86,100,2.53
139,Zyryanovsk,KZ,2021-11-09 21:30:59,49.7386,84.2719,13.89,93,18,1.23
140,Hervey Bay,AU,2021-11-09 21:31:00,-25.2986,152.8535,77.11,87,93,10.09
141,Georgetown,MY,2021-11-09 21:31:00,5.4112,100.3354,80.53,88,40,0.0
142,Mayya,RU,2021-11-09 21:31:00,61.7333,130.2811,25.92,96,100,6.33
143,Alice Springs,AU,2021-11-09 21:30:24,-23.7,133.8833,65.75,100,75,6.91
144,Taoudenni,ML,2021-11-09 21:31:01,22.6783,-3.9836,67.59,15,100,9.53
145,Garissa,KE,2021-11-09 21:31:01,-0.4536,39.6401,78.31,71,61,12.73
146,Ancud,CL,2021-11-09 21:31:02,-41.8697,-73.8203,69.33,70,0,11.18
147,Miri,MY,2021-11-09 21:31:03,4.4148,114.0089,75.34,100,40,2.3
148,Vanimo,PG,2021-11-09 21:28:14,-2.6741,141.3028,77.95,92,76,7.14
149,Kaeo,NZ,2021-11-09 21:31:03,-35.1,173.7833,69.33,80,100,4.07
150,Qaanaaq,GL,2021-11-09 21:31:04,77.484,-69.3632,1.31,66,18,8.61
151,Buenos Aires,AR,2021-11-09 21:31:04,-34.6132,-58.3772,72.03,69,0,23.02
152,Gazojak,TM,2021-11-09 21:31:04,41.1875,61.4036,40.82,19,0,5.99
153,Westport,US,2021-11-09 21:30:56,41.1415,-73.3579,68.76,62,1,1.01
154,Dolores,AR,2021-11-09 21:31:05,-36.3132,-57.6792,61.41,60,94,9.01
155,Santa Isabel Do Rio Negro,BR,2021-11-09 21:31:05,-0.4139,-65.0192,76.5,95,97,2.42
156,Teguise,ES,2021-11-09 21:31:06,29.0605,-13.564,62.82,63,20,6.91
157,Vila Franca Do Campo,PT,2021-11-09 21:31:06,37.7167,-25.4333,70.2,83,100,11.79
158,Yar-Sale,RU,2021-11-09 21:31:06,66.8333,70.8333,5.11,96,87,8.86
159,Fairbanks,US,2021-11-09 21:30:00,64.8378,-147.7164,13.96,75,90,6.91
160,Sabha,LY,2021-11-09 21:31:06,27.0377,14.4283,68.61,24,1,11.27
161,Kismayo,SO,2021-11-09 21:31:07,-0.3582,42.5454,78.69,82,10,12.64
162,Leningradskiy,RU,2021-11-09 21:31:07,69.3833,178.4167,3.31,88,88,3.83
163,Tautira,PF,2021-11-09 21:31:07,-17.7333,-149.15,82.42,79,47,14.72
164,Bac Lieu,VN,2021-11-09 21:31:08,9.285,105.7244,76.05,94,100,11.23
165,Broome,US,2021-11-09 21:31:08,42.2506,-75.833,61.02,65,75,4.61
166,Sambava,MG,2021-11-09 21:31:08,-14.2667,50.1667,74.93,90,23,3.49
167,Corrales,US,2021-11-09 21:31:09,35.2378,-106.6067,72.14,21,75,1.99
168,Vostok,RU,2021-11-09 21:31:09,46.4856,135.8833,28.99,94,95,1.74
169,Yeppoon,AU,2021-11-09 21:31:09,-23.1333,150.7333,76.78,82,67,10.33
170,Khatanga,RU,2021-11-09 21:31:09,71.9667,102.5,2.26,95,100,11.79
171,Saint-Philippe,RE,2021-11-09 21:31:10,-21.3585,55.7679,73.22,85,67,10.4
172,Iqaluit,CA,2021-11-09 21:31:10,63.7506,-68.5145,10.13,92,75,10.0
173,Tuy Hoa,VN,2021-11-09 21:31:10,13.0833,109.3,76.62,92,100,15.21
174,Kapaa,US,2021-11-09 21:31:10,22.0752,-159.319,83.12,81,1,4.0
175,Umm Kaddadah,SD,2021-11-09 21:31:11,13.6017,26.6876,82.53,19,8,10.36
176,Coihaique,CL,2021-11-09 21:29:00,-45.5752,-72.0662,74.01,31,20,10.36
177,Poum,NC,2021-11-09 21:31:11,-20.2333,164.0167,77.04,77,100,6.31
178,Kuala Perlis,MY,2021-11-09 21:31:12,6.4,100.1333,80.58,88,100,12.17
179,Sabya,SA,2021-11-09 21:32:12,17.1495,42.6254,83.82,63,58,3.33
180,Provideniya,RU,2021-11-09 21:32:12,64.3833,-173.3,14.11,79,0,2.24
181,Sartell,US,2021-11-09 21:32:12,45.6216,-94.2069,56.98,49,1,1.99
182,Vila Velha,BR,2021-11-09 21:32:13,-20.3297,-40.2925,76.95,92,90,1.99
183,Olafsvik,IS,2021-11-09 21:32:13,64.8945,-23.7142,35.56,84,100,21.25
184,Tiksi,RU,2021-11-09 21:32:13,71.6872,128.8694,7.41,95,100,4.88
185,Bambous Virieux,MU,2021-11-09 21:32:14,-20.3428,57.7575,74.21,78,20,3.44
186,Vondrozo,MG,2021-11-09 21:32:14,-22.8167,47.2833,68.79,91,93,0.34
187,Adrar,MR,2021-11-09 21:32:14,20.5022,-10.0711,71.08,18,100,10.45
188,Belgrade,RS,2021-11-09 21:32:15,44.804,20.4651,47.7,96,75,3.44
189,Kavieng,PG,2021-11-09 21:32:15,-2.5744,150.7967,85.42,65,58,16.73
190,Harper,LR,2021-11-09 21:32:15,4.375,-7.7169,78.39,87,69,6.93
191,Sao Gabriel Da Cachoeira,BR,2021-11-09 21:32:15,-0.1303,-67.0892,76.35,93,95,0.83
192,Kahului,US,2021-11-09 21:29:05,20.8947,-156.47,84.22,59,20,8.05
193,Lashio,MM,2021-11-09 21:32:16,22.9333,97.75,61.34,99,95,1.12
194,Taltal,CL,2021-11-09 21:32:16,-25.4,-70.4833,63.54,66,22,4.88
195,Bogatic,RS,2021-11-09 21:32:16,44.8375,19.4806,48.2,98,29,6.89
196,Saskylakh,RU,2021-11-09 21:32:17,71.9167,114.0833,-15.97,100,77,5.28
197,Longyearbyen,SJ,2021-11-09 21:32:17,78.2186,15.6401,31.84,64,40,12.66
198,Pyaozerskiy,RU,2021-11-09 21:32:17,65.8333,31.1667,28.76,93,100,13.22
199,De Aar,ZA,2021-11-09 21:32:17,-30.6497,24.0123,64.58,31,0,1.86
200,Mocuba,MZ,2021-11-09 21:32:18,-16.8392,36.9856,81.54,56,2,5.59
201,Tazovskiy,RU,2021-11-09 21:32:18,67.4667,78.7,-6.59,100,98,3.38
202,Porto Novo,BJ,2021-11-09 21:32:18,6.4965,2.6036,84.02,80,89,9.31
203,Cockburn Town,TC,2021-11-09 21:32:18,21.4612,-71.1419,80.56,74,40,8.05
204,Koumac,NC,2021-11-09 21:32:19,-20.5667,164.2833,78.55,72,100,5.73
205,Ponta Do Sol,PT,2021-11-09 21:32:19,32.6667,-17.1,68.72,71,4,4.12
206,Gat,IL,2021-11-09 21:31:00,31.61,34.7642,72.39,34,4,2.48
207,Ishigaki,JP,2021-11-09 21:32:19,24.3448,124.1572,66.33,63,75,11.5
208,Manta,EC,2021-11-09 21:32:20,-0.95,-80.7333,80.38,74,75,10.36
209,Port Elizabeth,ZA,2021-11-09 21:32:20,-33.918,25.5701,55.69,94,15,3.44
210,Sorland,NO,2021-11-09 21:32:20,67.667,12.6934,44.67,80,97,34.94
211,Upernavik,GL,2021-11-09 21:32:21,72.7868,-56.1549,12.76,88,99,11.45
212,Terney,RU,2021-11-09 21:32:21,45.0503,136.6092,38.79,75,100,6.11
213,Arkhangelsk,RU,2021-11-09 21:32:21,64.5401,40.5433,21.31,93,40,2.24
214,Izumo,JP,2021-11-09 21:32:21,35.3667,132.7667,48.15,87,75,18.41
215,Boda,CF,2021-11-09 21:32:22,4.3189,17.4695,73.49,81,66,0.98
216,Ulladulla,AU,2021-11-09 21:32:22,-35.35,150.4667,64.09,96,100,3.42
217,Tatawin,TN,2021-11-09 21:32:22,32.9297,10.4518,59.88,82,56,5.68
218,Myingyan,MM,2021-11-09 21:32:23,21.4667,95.3833,73.54,72,88,2.21
219,Narsaq,GL,2021-11-09 21:32:23,60.9167,-46.05,17.82,75,4,5.44
220,Mindelo,CV,2021-11-09 21:32:23,16.8901,-24.9804,72.95,78,90,16.11
221,Muroto,JP,2021-11-09 21:32:23,33.2833,134.15,48.24,67,58,25.48
222,Cheltenham,GB,2021-11-09 21:30:19,51.9,-2.0833,55.98,84,95,8.99
223,Isangel,VU,2021-11-09 21:32:24,-19.55,169.2667,82.51,78,75,5.75
224,Hondo,JP,2021-11-09 21:32:24,32.45,130.2,51.75,68,100,24.4
225,Vila,PT,2021-11-09 21:32:24,42.0304,-8.1588,50.94,88,0,3.27
226,Goderich,CA,2021-11-09 21:31:05,43.7501,-81.7165,51.91,93,100,3.44
227,Arroyo,ES,2021-11-09 21:33:25,41.6096,-4.7969,46.44,76,0,17.27
228,Toamasina,MG,2021-11-09 21:33:25,-18.1667,49.3833,75.2,94,40,3.44
229,Rawson,AR,2021-11-09 21:33:25,-43.3002,-65.1023,63.25,37,0,27.74
230,Ulaangom,MN,2021-11-09 21:33:26,49.9811,92.0667,15.73,80,50,2.93
231,Cape Town,ZA,2021-11-09 21:32:43,-33.9258,18.4232,61.11,78,0,1.01
232,Deer Lake,CA,2021-11-09 21:33:26,49.1667,-57.4316,48.06,76,90,9.22
233,Waingapu,ID,2021-11-09 21:33:26,-9.6567,120.2641,81.03,81,91,2.28
234,Pangnirtung,CA,2021-11-09 21:33:27,66.1451,-65.7125,12.2,62,20,2.3
235,Sleaford,GB,2021-11-09 21:33:27,52.9983,-0.4094,57.54,90,40,12.66
236,Marystown,CA,2021-11-09 21:33:27,47.1666,-55.1483,44.85,100,4,7.92
237,Cuenca,EC,2021-11-09 21:32:56,-2.8833,-78.9833,60.93,72,90,8.05
238,Wanning,CN,2021-11-09 21:33:28,18.8003,110.3967,68.86,81,100,13.98
239,Bandarbeyla,SO,2021-11-09 21:33:28,9.4942,50.8122,78.69,79,23,17.0
240,Tamandare,BR,2021-11-09 21:33:28,-8.7597,-35.1047,77.95,78,38,7.18
241,Batemans Bay,AU,2021-11-09 21:30:04,-35.7167,150.1833,65.19,95,100,1.81
242,Vanavara,RU,2021-11-09 21:33:29,60.34,102.2797,23.99,95,100,9.13
243,Hambantota,LK,2021-11-09 21:33:29,6.1241,81.1185,75.54,100,100,3.44
244,Basco,PH,2021-11-09 21:33:29,20.4487,121.9702,76.75,81,99,24.36
245,Noyon,FR,2021-11-09 21:33:30,49.5833,3.0,40.8,84,33,1.79
246,Kedrovyy,RU,2021-11-09 21:33:30,56.1667,91.8167,25.21,84,100,4.92
247,Mao,ES,2021-11-09 21:33:30,39.8885,4.2658,61.36,77,75,16.11
248,Avera,US,2021-11-09 21:33:31,33.194,-82.5271,78.67,34,1,2.44
249,Cortez,US,2021-11-09 21:33:31,37.3489,-108.5859,58.68,25,40,8.05
250,Walvis Bay,NA,2021-11-09 21:33:31,-22.9575,14.5053,58.15,82,3,10.36
251,Bereda,ES,2021-11-09 21:33:31,43.2686,-7.5406,53.91,100,76,4.97
252,Hithadhoo,MV,2021-11-09 21:33:32,-0.6,73.0833,82.85,72,79,19.95
253,College,US,2021-11-09 21:33:32,64.8569,-147.8028,15.46,75,90,4.61
254,Berlevag,NO,2021-11-09 21:33:32,70.8578,29.0864,24.8,74,100,26.46
255,Thohoyandou,ZA,2021-11-09 21:33:33,-22.9456,30.485,65.14,78,99,11.39
256,Fortuna,US,2021-11-09 21:33:33,40.5982,-124.1573,58.93,65,90,3.0
257,Takoradi,GH,2021-11-09 21:33:33,4.8845,-1.7554,78.17,86,97,5.66
258,Shubarshi,KZ,2021-11-09 21:33:34,48.5872,57.1869,47.01,85,100,17.98
259,Nhulunbuy,AU,2021-11-09 21:33:34,-12.2333,136.7667,79.41,89,40,1.14
260,Agen,FR,2021-11-09 21:33:34,44.2,0.6333,42.13,93,5,2.3
261,Sisimiut,GL,2021-11-09 21:33:35,66.9395,-53.6735,13.32,83,74,11.7
262,Tuktoyaktuk,CA,2021-11-09 21:33:35,69.4541,-133.0374,12.2,92,75,10.36
263,Presidencia Roque Saenz Pena,AR,2021-11-09 21:33:35,-26.7852,-60.4388,84.2,38,99,6.96
264,Bobrovka,RU,2021-11-09 21:33:36,54.047,61.7455,38.59,97,100,10.33
265,Cabedelo,BR,2021-11-09 21:33:36,-6.9811,-34.8339,81.27,73,33,11.18
266,Hvide Sande,DK,2021-11-09 21:33:36,56.0045,8.1294,54.18,90,100,25.14
267,Padang,ID,2021-11-09 21:33:36,-0.9492,100.3543,78.85,86,100,3.42
268,Callaway,US,2021-11-09 21:33:37,30.153,-85.5699,72.95,49,1,3.0
269,Hualmay,PE,2021-11-09 21:33:37,-11.0964,-77.6139,67.51,76,78,10.54
270,Orocue,CO,2021-11-09 21:33:37,4.7912,-71.3354,82.38,70,66,5.03
271,Chimbote,PE,2021-11-09 21:34:38,-9.0853,-78.5783,66.42,79,79,10.74
272,Kurilsk,RU,2021-11-09 21:34:38,45.2333,147.8833,49.91,93,100,29.19
273,Clonakilty,IE,2021-11-09 21:34:15,51.6231,-8.8706,51.1,86,100,5.73
274,Mount Isa,AU,2021-11-09 21:34:38,-20.7333,139.5,78.57,73,33,4.61
275,Talaya,RU,2021-11-09 21:34:38,61.3833,152.75,-13.38,84,3,2.33
276,Luanda,AO,2021-11-09 21:30:49,-8.8368,13.2343,76.24,85,99,9.86
277,Kununurra,AU,2021-11-09 21:34:39,-15.7667,128.7333,78.78,89,4,8.05
278,Clyde River,CA,2021-11-09 21:34:39,70.4692,-68.5914,5.95,75,23,10.02
279,Belmonte,BR,2021-11-09 21:34:39,-15.8631,-38.8828,77.5,84,82,6.49
280,Indianola,US,2021-11-09 21:34:40,41.3581,-93.5574,61.29,53,70,8.84
281,Puerto Escondido,MX,2021-11-09 21:34:40,15.85,-97.0667,83.23,69,1,9.22
282,Shingu,JP,2021-11-09 21:34:40,33.7333,135.9833,55.09,70,92,6.71
283,Fomboni,KM,2021-11-09 21:34:40,-12.28,43.7425,80.8,82,9,17.67
284,Hasaki,JP,2021-11-09 21:34:41,35.7333,140.8333,55.29,67,3,17.43
285,Caravelas,BR,2021-11-09 21:34:41,-17.7125,-39.2481,76.21,84,93,4.36
286,Sinop,TR,2021-11-09 21:34:41,41.7711,34.8709,47.93,95,100,9.57
287,Languyan,PH,2021-11-09 21:34:42,5.2618,120.0807,78.76,83,98,1.41
288,Ouesso,CG,2021-11-09 21:34:42,1.6136,16.0517,71.87,95,99,1.79
289,Acarau,BR,2021-11-09 21:30:05,-2.8856,-40.12,79.95,77,18,18.3
290,Verkhnevilyuysk,RU,2021-11-09 21:34:42,63.4453,120.3167,20.46,84,100,11.01
291,Sola,VU,2021-11-09 21:34:43,-13.8833,167.55,84.87,79,75,5.75
292,Filadelfia,US,2021-11-09 21:33:12,39.9523,-75.1638,70.05,50,20,1.99
293,Debre Sina,ET,2021-11-09 21:34:43,9.85,39.7667,48.6,77,44,3.85
294,Grootfontein,NA,2021-11-09 21:34:43,-19.5667,18.1167,72.97,33,98,4.61
295,Gaziantep,TR,2021-11-09 21:34:43,37.0594,37.3825,46.06,53,0,0.0
296,Yulara,AU,2021-11-09 21:34:44,-25.2406,130.9889,67.84,100,90,9.22
297,Buraydah,SA,2021-11-09 21:34:44,26.326,43.975,66.65,26,6,7.63
298,Safaga,EG,2021-11-09 21:34:44,26.7292,33.9365,71.55,36,0,6.85
299,La Ronge,CA,2021-11-09 21:34:45,55.1001,-105.2842,28.65,59,40,2.3
300,Brae,GB,2021-11-09 21:34:45,60.3964,-1.353,49.91,76,98,28.5
301,Samarai,PG,2021-11-09 21:34:45,-10.6167,150.6667,83.84,76,22,18.32
302,Roma,US,2021-11-09 21:32:03,43.2128,-75.4557,58.86,81,75,3.44
303,Meadow Lake,US,2021-11-09 21:31:05,34.8014,-106.5436,71.62,17,100,6.6
304,Horsham,GB,2021-11-09 21:34:45,51.064,-0.3272,55.53,71,0,3.44
305,Karratha,AU,2021-11-09 21:34:46,-20.7377,116.8463,68.16,57,1,13.27
306,Ekhabi,RU,2021-11-09 21:34:46,53.5102,142.9671,38.01,99,100,11.12
307,Angoche,MZ,2021-11-09 21:34:46,-16.2325,39.9086,79.23,77,3,13.02
308,Vikhorevka,RU,2021-11-09 21:34:47,56.1201,101.1636,31.59,98,100,3.83
309,Kokkola,FI,2021-11-09 21:34:47,63.8385,23.1307,37.92,92,90,7.0
310,Kamaishi,JP,2021-11-09 21:34:47,39.2667,141.8833,54.43,84,100,7.38
311,Kichera,RU,2021-11-09 21:34:47,55.9375,110.0997,18.43,84,76,4.18
312,Saint-Georges,GD,2021-11-09 21:34:48,12.0564,-61.7485,83.88,70,20,13.8
313,Belaya Gora,RU,2021-11-09 21:34:48,68.5333,146.4167,-18.6,99,21,4.45
314,Sioux Lookout,CA,2021-11-09 21:30:02,50.1001,-91.917,44.67,49,20,11.5
315,Cadillac,US,2021-11-09 21:31:32,44.2519,-85.4012,54.16,32,1,5.75
316,Carbondale,US,2021-11-09 21:34:07,37.7273,-89.2168,64.83,65,40,6.91
317,Nador,MA,2021-11-09 21:34:48,35.174,-2.9287,53.85,82,0,3.44
318,Irbil,IQ,2021-11-09 21:34:48,36.1926,44.0106,49.82,17,0,1.14
319,Puerto Baquerizo Moreno,EC,2021-11-09 21:34:49,-0.9,-89.6,72.59,78,75,17.27
320,Mlowo,TZ,2021-11-09 21:34:49,-9.0,32.9833,65.8,41,36,5.19
321,Cayenne,GF,2021-11-09 21:35:49,4.9333,-52.3333,78.84,86,90,4.61
322,Beidao,CN,2021-11-09 21:35:50,34.5686,105.8933,34.92,37,0,0.96
323,Jinchang,CN,2021-11-09 21:35:50,38.4953,102.1739,28.44,40,0,1.7
324,Chapais,CA,2021-11-09 21:35:50,49.7834,-74.8492,38.98,80,61,3.89
325,Riosucio,CO,2021-11-09 21:35:50,5.4216,-75.7032,64.83,96,93,2.17
326,San Jeronimo,PE,2021-11-09 21:35:51,-11.9472,-75.2829,60.31,58,84,8.5
327,Lasa,IT,2021-11-09 21:35:51,46.6166,10.7002,38.28,75,79,1.45
328,Praya,CV,2021-11-09 21:35:51,14.9215,-23.5087,77.54,69,40,20.71
329,Acahay,PY,2021-11-09 21:35:52,-25.9167,-57.15,81.27,45,30,6.44
330,Povenets,RU,2021-11-09 21:35:52,62.8487,34.8262,29.88,74,100,14.16
331,Raton,US,2021-11-09 21:35:52,36.9034,-104.4391,68.61,17,1,1.99
332,Natal,BR,2021-11-09 21:35:52,-5.795,-35.2094,82.62,74,75,11.5
333,Icod De Los Vinos,ES,2021-11-09 21:35:53,28.3724,-16.7119,65.95,74,84,10.16
334,Bazaliya,UA,2021-11-09 21:35:53,49.7127,26.4733,28.74,65,4,2.73
335,Dingle,PH,2021-11-09 21:35:53,10.9995,122.6711,75.94,94,99,7.47
336,Santa Marta,CO,2021-11-09 21:33:22,11.2408,-74.199,82.4,79,52,12.62
337,Ippy,CF,2021-11-09 21:35:54,6.2679,21.2247,69.91,89,41,1.45
338,Aloleng,PH,2021-11-09 21:35:54,16.1307,119.7824,79.11,78,100,9.93
339,Portland,US,2021-11-09 21:34:25,45.5234,-122.6762,55.83,75,40,5.01
340,Poya,NC,2021-11-09 21:35:54,-21.35,165.15,81.64,61,86,5.75
341,Novosemeykino,RU,2021-11-09 21:35:54,53.3833,50.3667,34.75,87,40,8.95
342,Allende,MX,2021-11-09 21:34:53,25.2833,-100.0167,74.32,54,84,7.72
343,Onega,RU,2021-11-09 21:35:55,63.9061,38.1404,27.75,73,100,10.8
344,Barra Patuca,HN,2021-11-09 21:35:55,15.8,-84.2833,78.87,67,26,13.62
345,Buchanan,LR,2021-11-09 21:35:55,5.8808,-10.0467,78.76,87,100,7.87
346,Margate,GB,2021-11-09 21:35:55,51.3813,1.3862,54.3,92,73,1.99
347,Kingston,JM,2021-11-09 21:35:56,17.997,-76.7936,86.95,62,20,5.75
348,Berezovyy,RU,2021-11-09 21:35:56,51.6667,135.7,25.07,96,99,2.68
349,Dubbo,AU,2021-11-09 21:35:56,-32.25,148.6167,69.93,73,100,4.61
350,Manokwari,ID,2021-11-09 21:35:57,-0.8667,134.0833,79.32,82,77,3.0
351,Dillon,US,2021-11-09 21:35:57,34.4166,-79.3712,79.05,35,1,4.47
352,Lodeynoye Pole,RU,2021-11-09 21:35:57,60.726,33.5531,29.64,80,100,8.61
353,Nemuro,JP,2021-11-09 21:35:57,43.3236,145.575,55.18,95,100,44.22
354,Boa Vista,BR,2021-11-09 21:35:58,2.8197,-60.6733,91.38,35,20,11.5
355,Bulungu,CD,2021-11-09 21:35:58,-4.55,18.6,72.07,80,100,2.19
356,Paamiut,GL,2021-11-09 21:35:58,61.994,-49.6678,11.39,68,4,7.65
357,Noumea,NC,2021-11-09 21:35:58,-22.2763,166.4572,77.0,99,100,4.36
358,Ponto Novo,BR,2021-11-09 21:35:59,-10.8628,-40.1336,77.63,55,43,5.35
359,Borger,NL,2021-11-09 21:35:59,52.9233,6.7931,50.79,84,98,7.7
360,Bobcaygeon,CA,2021-11-09 21:35:59,44.5462,-78.542,52.86,68,100,3.78
361,La Baule-Escoublac,FR,2021-11-09 21:35:59,47.2922,-2.364,53.87,93,5,2.3
362,Severnyy,RU,2021-11-09 21:36:00,50.677,36.5532,30.24,69,75,13.42
363,Buala,SB,2021-11-09 21:36:00,-8.145,159.5921,84.69,71,12,10.8
364,Adolfo Ruiz Cortines,MX,2021-11-09 21:36:00,25.75,-108.75,94.98,16,90,15.75
365,Lompoc,US,2021-11-09 21:36:01,34.6391,-120.4579,69.01,85,90,0.0
366,Mashhad,IR,2021-11-09 21:37:02,36.297,59.6062,37.54,60,0,6.91
367,Madimba,TZ,2021-11-09 21:37:02,-10.4,40.3333,78.12,88,20,9.22
368,Mushie,CD,2021-11-09 21:37:03,-3.0167,16.9,73.62,92,100,3.09
369,Seoul,KR,2021-11-09 21:37:03,37.5683,126.9778,37.81,89,75,1.14
370,Karaton,ID,2021-11-09 21:37:04,-6.3424,106.1045,81.95,91,100,5.37
371,Chifeng,CN,2021-11-09 21:37:04,42.2683,118.9636,31.73,63,1,19.73
372,Tatishchevo,RU,2021-11-09 21:37:04,51.6703,45.5953,37.58,82,89,13.38
373,Moron,AR,2021-11-09 21:37:05,-34.6534,-58.6198,71.49,70,84,8.01
374,Dawson Creek,CA,2021-11-09 21:37:05,55.7666,-120.2362,28.04,86,90,4.61
375,Comodoro Rivadavia,AR,2021-11-09 21:37:05,-45.8667,-67.5,82.26,23,0,21.85
376,Namatanai,PG,2021-11-09 21:37:06,-3.6667,152.4333,83.7,71,100,10.76
377,Kiomboi,TZ,2021-11-09 21:37:06,-4.2667,34.3667,70.47,29,91,6.02
378,Kruisfontein,ZA,2021-11-09 21:37:06,-34.0033,24.7314,54.57,77,47,3.76
379,San Juan,AR,2021-11-09 21:37:06,-31.5375,-68.5364,67.17,64,92,9.44
380,Maniitsoq,GL,2021-11-09 21:37:07,65.4167,-52.9,16.59,69,76,6.15
381,Hecun,CN,2021-11-09 21:37:07,36.5333,114.1111,40.53,52,0,8.77
382,Sa Kaeo,TH,2021-11-09 21:37:07,13.75,102.3333,69.15,82,72,6.22
383,Naustdal,NO,2021-11-09 21:37:07,61.509,5.7168,49.86,93,75,11.5
384,Yagodnoye,RU,2021-11-09 21:37:08,62.55,149.6667,-15.77,86,0,5.08
385,Zhigansk,RU,2021-11-09 21:37:08,66.7697,123.3711,18.59,95,100,10.96
386,Suhbaatar,MN,2021-11-09 21:37:08,50.2314,106.2078,25.45,65,24,3.18
387,Dourados,BR,2021-11-09 21:37:08,-22.2211,-54.8056,79.02,64,100,4.97
388,Goundam,ML,2021-11-09 21:37:09,16.4145,-3.6708,79.14,19,44,9.64
389,Asau,RO,2021-11-09 21:37:09,46.4333,26.4,42.76,75,79,3.27
390,Bonavista,CA,2021-11-09 21:37:09,48.6499,-53.1147,41.0,91,24,2.24
391,Tessalit,ML,2021-11-09 21:37:09,20.1986,1.0114,67.59,14,98,9.22
392,Bagdarin,RU,2021-11-09 21:37:10,54.4333,113.6,15.49,84,3,4.97
393,Bull Savanna,JM,2021-11-09 21:37:10,17.8868,-77.5902,78.04,77,73,1.3
394,Paso De Carrasco,UY,2021-11-09 21:37:10,-34.8603,-56.0522,66.65,63,75,12.66
395,Manzil Salim,TN,2021-11-09 21:37:10,35.8567,8.4765,53.6,50,32,6.06
396,Pouebo,NC,2021-11-09 21:37:11,-20.4,164.5667,79.61,68,100,6.51
397,Trelew,AR,2021-11-09 21:37:11,-43.249,-65.3051,65.43,31,0,29.12
398,Maracai,BR,2021-11-09 21:37:11,-22.6106,-50.6672,83.79,48,78,7.07
399,Anadyr,RU,2021-11-09 21:37:12,64.75,177.4833,23.5,86,75,4.47
400,Tsiroanomandidy,MG,2021-11-09 21:37:12,-18.7667,46.0333,77.72,59,99,4.88
401,Svetlaya,RU,2021-11-09 21:37:12,46.5389,138.3297,41.14,87,98,6.11
402,Camacha,PT,2021-11-09 21:37:12,33.0833,-16.3333,65.62,68,40,10.36
403,Eyrarbakki,IS,2021-11-09 21:37:13,63.863,-21.1481,37.45,81,100,15.48
404,Moorhead,US,2021-11-09 21:37:13,46.8739,-96.7676,53.98,35,1,0.0
405,Kuvandyk,RU,2021-11-09 21:37:13,51.4781,57.3552,44.44,97,100,9.15
406,Marihatag,PH,2021-11-09 21:37:13,8.7936,126.2969,77.49,88,100,3.58
407,Yumen,CN,2021-11-09 21:37:14,40.2833,97.2,16.12,59,0,5.97
408,Semnan,IR,2021-11-09 21:37:14,35.5729,53.3971,45.21,53,0,1.25
409,Abu Dhabi,AE,2021-11-09 21:36:00,24.4667,54.3667,80.62,57,20,2.3
410,Kalabo,ZM,2021-11-09 21:38:14,-14.97,22.6814,79.03,42,55,9.35
411,Mana,GF,2021-11-09 21:38:15,5.6592,-53.7767,78.22,82,86,7.74
412,Fereydunshahr,IR,2021-11-09 21:38:15,32.941,50.121,35.24,58,40,2.26
413,Sendai,JP,2021-11-09 21:38:15,38.2689,140.8719,55.33,88,75,3.44
414,Te Anau,NZ,2021-11-09 21:38:15,-45.4167,167.7167,59.13,70,100,0.36
415,Carahue,CL,2021-11-09 21:38:16,-38.7,-73.1667,59.2,66,64,6.11
416,Thinadhoo,MV,2021-11-09 21:38:16,0.5333,72.9333,82.8,71,89,19.37
417,Rio Verde De Mato Grosso,BR,2021-11-09 21:38:16,-18.9181,-54.8442,83.16,60,75,5.82
418,Atar,MR,2021-11-09 21:38:16,20.5169,-13.0499,78.22,16,92,6.89
419,Lagoa Da Canoa,BR,2021-11-09 21:38:17,-9.8297,-36.7378,75.25,72,77,14.07
420,Nishihara,JP,2021-11-09 21:38:17,26.1842,127.7558,65.48,59,40,10.36
421,Cherskiy,RU,2021-11-09 21:38:17,68.75,161.3,-5.42,100,88,3.67
422,Sheltozero,RU,2021-11-09 21:38:18,61.3667,35.3667,29.64,79,100,12.95
423,San Pedro De Uraba,CO,2021-11-09 21:38:18,8.2752,-76.3764,78.4,87,88,8.34
424,Along,IN,2021-11-09 21:38:18,28.1667,94.7667,54.39,65,1,1.74
425,Breznik,BG,2021-11-09 21:38:19,42.7414,22.8981,41.4,89,52,2.39
426,Saint Anthony,US,2021-11-09 21:38:19,45.0205,-93.218,57.54,32,1,1.01
427,Zhiryatino,RU,2021-11-09 21:38:19,53.2228,33.7306,26.92,82,66,7.54
428,Avarua,CK,2021-11-09 21:38:19,-21.2078,-159.775,75.25,78,90,10.36
429,Touros,BR,2021-11-09 21:38:20,-5.1989,-35.4608,81.5,74,40,13.65
430,Amahai,ID,2021-11-09 21:38:20,-3.3333,128.9167,79.61,82,66,4.07
431,Amapa,BR,2021-11-09 21:38:20,1.0,-52.0,73.78,97,100,3.29
432,Tual,ID,2021-11-09 21:38:21,-5.6667,132.75,82.92,77,38,2.95
433,Nikel,RU,2021-11-09 21:38:21,69.4128,30.222,21.38,94,100,15.84
434,Udachnyy,RU,2021-11-09 21:38:21,66.4167,112.4,8.31,94,98,12.88
435,Hofn,IS,2021-11-09 21:38:21,64.2539,-15.2082,40.41,65,89,11.36
436,Sibolga,ID,2021-11-09 21:38:22,1.7427,98.7792,76.64,86,89,1.5
437,Northam,GB,2021-11-09 21:38:22,51.0333,-4.2167,55.56,95,99,11.14
438,Uaua,BR,2021-11-09 21:38:22,-9.8414,-39.4817,83.5,39,73,9.89
439,Odweyne,SO,2021-11-09 21:38:23,9.4092,45.064,69.4,25,20,12.66
440,Chuy,UY,2021-11-09 21:38:23,-33.6971,-53.4616,60.44,77,10,7.0
441,Uglich,RU,2021-11-09 21:38:23,57.5275,38.3317,28.56,74,77,6.17
442,Abnub,EG,2021-11-09 21:38:23,27.2696,31.1511,73.62,19,10,4.61
443,Uttarkashi,IN,2021-11-09 21:38:24,30.7333,78.45,53.89,28,0,5.95
444,Menongue,AO,2021-11-09 21:38:24,-14.6585,17.691,65.43,88,99,6.98
445,Grimshaw,CA,2021-11-09 21:38:24,56.1834,-117.6027,31.01,74,90,13.8
446,Mirabad,AF,2021-11-09 21:38:24,30.4362,61.8383,57.11,37,4,7.52
447,Mataram,ID,2021-11-09 21:38:25,-8.5833,116.1167,76.01,81,100,1.95
448,Umbita,CO,2021-11-09 21:38:25,5.2204,-73.4569,57.4,91,89,3.6
449,Haines Junction,CA,2021-11-09 21:38:25,60.7522,-137.5108,21.15,73,100,0.0
450,Constitucion,CL,2021-11-09 21:38:26,-35.3333,-72.4167,56.82,82,72,11.48
451,Manicore,BR,2021-11-09 21:38:26,-5.8092,-61.3003,75.87,94,100,0.89
452,Angra Dos Reis,BR,2021-11-09 21:38:26,-23.0067,-44.3181,67.96,96,100,3.13
453,Maningrida,AU,2021-11-09 21:38:27,-12.0667,134.2667,85.42,62,81,4.07
454,Raudeberg,NO,2021-11-09 21:38:27,61.9875,5.1352,48.87,90,100,10.0
455,Sao Sebastiao,BR,2021-11-09 21:35:53,-23.76,-45.4097,68.31,94,100,5.68
456,Kavaratti,IN,2021-11-09 21:38:28,10.5669,72.642,81.81,67,100,7.34
457,Norman Wells,CA,2021-11-09 21:39:28,65.282,-126.8329,15.84,79,75,27.63
458,San Ramon,US,2021-11-09 21:39:28,37.7799,-121.978,64.74,84,90,3.0
459,Flinders,AU,2021-11-09 21:39:29,-34.5833,150.8552,70.21,91,100,1.99
460,Sao Geraldo Do Araguaia,BR,2021-11-09 21:39:29,-6.4006,-48.555,74.21,96,100,5.26
461,Port Hardy,CA,2021-11-09 21:39:29,50.6996,-127.4199,48.2,87,75,14.97
462,Krasnomayskiy,RU,2021-11-09 21:39:29,57.6194,34.4099,29.21,79,100,4.81
463,Itoman,JP,2021-11-09 21:39:30,26.1247,127.6694,66.22,57,20,12.66
464,Ostrovnoy,RU,2021-11-09 21:39:30,68.0531,39.5131,24.35,87,100,19.48
465,Palmer,US,2021-11-09 21:39:30,42.1584,-72.3287,66.81,45,40,14.97
466,Valparaiso,CL,2021-11-09 21:39:31,-33.0393,-71.6273,62.83,68,0,6.91
467,Suntar,RU,2021-11-09 21:39:31,62.1444,117.6319,24.93,87,100,8.86
468,Virginia Beach,US,2021-11-09 21:39:31,36.8529,-75.978,73.45,48,1,6.91
469,Pacific Grove,US,2021-11-09 21:39:31,36.6177,-121.9166,65.43,85,98,13.0
470,Kokuy,RU,2021-11-09 21:39:32,52.2037,117.5529,21.76,82,48,3.89
471,Matay,EG,2021-11-09 21:39:32,28.419,30.7792,72.07,26,12,8.01
472,General Roca,AR,2021-11-09 21:39:32,-39.0333,-67.5833,77.85,34,100,17.43
473,Ribas Do Rio Pardo,BR,2021-11-09 21:39:32,-20.4431,-53.7592,74.28,88,100,6.08
474,Trincomalee,LK,2021-11-09 21:39:33,8.5711,81.2335,77.31,91,100,8.3
475,Hanzhong,CN,2021-11-09 21:39:33,33.0728,107.0303,39.54,56,0,1.25
476,Bethune,FR,2021-11-09 21:39:33,50.5333,2.6333,52.75,78,28,6.62
477,Lerwick,GB,2021-11-09 21:39:34,60.1545,-1.1494,50.0,76,91,28.88
478,Roura,GF,2021-11-09 21:39:34,4.7263,-52.3274,78.71,89,90,4.61
479,Misratah,LY,2021-11-09 21:39:34,32.3754,15.0925,73.31,74,22,23.85
480,Saint-Junien,FR,2021-11-09 21:39:34,45.8833,0.9,43.38,87,0,2.84
481,Huarmey,PE,2021-11-09 21:39:35,-10.0681,-78.1522,68.16,78,64,10.51
482,Saint-Pierre,RE,2021-11-09 21:39:35,-21.3393,55.4781,73.29,68,0,5.75
483,Hurghada,EG,2021-11-09 21:39:35,27.2574,33.8129,71.64,37,0,0.0
484,Boone,US,2021-11-09 21:39:35,39.0334,-92.3335,67.8,77,85,1.01
485,Gazanjyk,TM,2021-11-09 21:39:36,39.2446,55.5154,48.56,39,0,9.17
486,San Patricio,US,2021-11-09 21:39:36,28.017,-97.5169,82.81,55,100,11.3
487,Lakselv,NO,2021-11-09 21:39:36,70.0513,24.9718,26.42,80,75,24.16
488,Shimoda,JP,2021-11-09 21:39:37,34.6667,138.95,54.1,62,19,30.58
489,Bambanglipuro,ID,2021-11-09 21:39:37,-7.95,110.2833,77.79,86,100,4.79
490,Waipawa,NZ,2021-11-09 21:39:37,-41.4122,175.5153,63.45,49,60,5.66
491,North Bend,US,2021-11-09 21:39:37,43.4065,-124.2243,56.91,76,1,12.66
492,Mehtar Lam,AF,2021-11-09 21:39:38,34.6714,70.2094,62.4,33,77,3.56
493,Cochrane,CA,2021-11-09 21:38:16,51.1834,-114.4687,44.87,50,1,2.3
494,Sandakan,MY,2021-11-09 21:39:38,5.8402,118.1179,76.68,94,40,5.01
495,Port Augusta,AU,2021-11-09 21:39:38,-32.5,137.7667,57.34,68,77,14.41
496,Wuan,CN,2021-11-09 21:39:39,31.6836,112.0044,45.77,54,0,3.02
497,Mazamari,PE,2021-11-09 21:39:39,-11.3258,-74.5308,77.49,83,100,1.28
498,Los Llanos De Aridane,ES,2021-11-09 21:39:39,28.6585,-17.9182,65.95,80,75,1.01
499,Vao,NC,2021-11-09 21:39:39,-22.6667,167.4833,73.71,81,100,3.67
500,Rudbar,AF,2021-11-09 21:39:40,30.15,62.6,57.09,39,0,5.3
501,Jaleswar,NP,2021-11-09 21:39:40,26.6471,85.8008,65.53,67,5,3.0
502,Terrace Bay,CA,2021-11-09 21:39:40,48.7834,-87.1,46.02,51,32,15.14
503,Oriximina,BR,2021-11-09 21:39:40,-1.7656,-55.8661,73.4,97,100,2.3
504,Severo-Yeniseyskiy,RU,2021-11-09 21:39:41,60.3725,93.0408,26.19,93,100,10.09
505,Merida,MX,2021-11-09 21:35:12,20.9667,-89.6167,81.01,54,75,6.91
506,Poso,ID,2021-11-09 21:40:41,-1.3959,120.7524,76.6,86,99,3.13
507,Nuuk,GL,2021-11-09 21:40:41,64.1835,-51.7216,18.21,73,20,11.5
508,Quatre Cocos,MU,2021-11-09 21:40:42,-20.2078,57.7625,74.08,74,27,9.22
509,Sainte-Rose,GP,2021-11-09 21:40:42,16.3324,-61.6979,80.64,74,0,8.05
510,Bud,US,2021-11-09 21:40:42,39.447,-86.1758,62.69,65,100,6.53
511,Oneonta,US,2021-11-09 21:40:38,42.4529,-75.0638,56.44,78,57,4.05
512,Susangerd,IR,2021-11-09 21:40:42,31.5608,48.1831,68.02,23,0,8.25
513,Muzhi,RU,2021-11-09 21:40:43,65.3667,64.6667,9.23,90,99,9.17
514,Abadzekhskaya,RU,2021-11-09 21:40:43,44.3939,40.2214,45.66,93,100,5.3
515,Progreso,MX,2021-11-09 21:40:43,21.2833,-89.6667,81.1,55,74,11.7
516,Codrington,AU,2021-11-09 21:40:43,-38.2667,141.9667,53.35,56,75,10.92
517,Derzhavinsk,KZ,2021-11-09 21:40:44,51.1,66.3167,36.14,43,100,20.31
518,Saru Dornei,RO,2021-11-09 21:40:44,47.2833,25.35,30.92,87,62,0.96
519,Tonj,SS,2021-11-09 21:40:44,7.2737,28.6822,77.18,73,100,2.95
520,Mitsamiouli,KM,2021-11-09 21:40:45,-11.3847,43.2844,79.86,84,10,11.72
521,Conakry,GN,2021-11-09 21:40:45,9.538,-13.6773,82.47,83,20,2.3
522,Kolpashevo,RU,2021-11-09 21:40:45,58.3131,82.9089,31.03,73,100,15.05
523,Sterling,US,2021-11-09 21:40:45,39.0062,-77.4286,73.69,39,20,5.75
524,Geraldton,AU,2021-11-09 21:40:46,-28.7667,114.6,48.61,93,0,4.61
525,Swan Hill,AU,2021-11-09 21:40:46,-35.3378,143.5544,58.93,63,100,12.01
526,Altamira,BR,2021-11-09 21:40:46,-3.2033,-52.2064,80.69,89,75,4.61
527,Sergeyevka,KZ,2021-11-09 21:40:46,53.88,67.4158,33.73,97,100,17.65
528,Mamlyutka,KZ,2021-11-09 21:40:47,54.9375,68.5394,32.63,97,100,15.59
529,Najran,SA,2021-11-09 21:40:47,17.4924,44.1277,61.45,30,9,1.12
530,Alyangula,AU,2021-11-09 21:40:47,-13.8483,136.4192,80.47,89,40,2.3
531,Half Moon Bay,US,2021-11-09 21:40:48,37.4636,-122.4286,66.24,87,40,4.0
532,Zhangjiakou,CN,2021-11-09 21:40:48,40.81,114.8794,27.27,80,13,10.13
533,Sinnamary,GF,2021-11-09 21:40:48,5.3833,-52.95,77.11,88,81,8.88
534,Wasilla,US,2021-11-09 21:40:48,61.5814,-149.4394,23.52,73,1,7.0
535,Rafraf,TN,2021-11-09 21:40:49,37.1904,10.1837,59.31,82,100,8.23
536,Pallasovka,RU,2021-11-09 21:40:49,50.05,46.8833,38.55,67,100,8.37
537,Gayeri,BF,2021-11-09 21:40:49,12.6497,0.4931,84.92,19,3,4.03
538,Yanam,IN,2021-11-09 21:40:50,16.7333,82.2167,74.35,74,98,5.82
539,Camopi,GF,2021-11-09 21:40:50,3.1655,-52.3158,72.14,99,100,2.01
540,Morehead,US,2021-11-09 21:40:50,37.2711,-87.1764,67.75,46,1,5.75
541,Lorengau,PG,2021-11-09 21:40:51,-2.0226,147.2712,82.78,80,25,14.41
542,Kalulushi,ZM,2021-11-09 21:40:51,-12.8378,28.0919,74.03,27,75,3.18
543,Erzin,TR,2021-11-09 21:40:51,36.9559,36.2,50.52,31,1,4.47
544,Esil,KZ,2021-11-09 21:40:51,51.9556,66.4042,38.55,49,100,18.7
545,The Valley,AI,2021-11-09 21:40:52,18.217,-63.0578,84.06,73,13,11.1
546,Haukipudas,FI,2021-11-09 21:40:52,65.1765,25.3523,33.85,94,100,16.89
547,San Rafael,AR,2021-11-09 21:40:43,-34.6177,-68.3301,72.79,45,82,8.97
548,Kyshtovka,RU,2021-11-09 21:40:52,56.555,76.6271,31.75,79,96,14.23
549,Saint-Augustin,CA,2021-11-09 21:40:53,51.226,-58.6502,43.21,94,100,12.15
550,Evanton,GB,2021-11-09 21:40:53,57.6638,-4.34,50.54,81,42,11.32
551,Acari,PE,2021-11-09 21:40:53,-15.4311,-74.6158,72.03,68,24,8.25
552,Kloulklubed,PW,2021-11-09 21:40:54,7.0419,134.2556,79.3,78,100,16.96
553,Mazabuka,ZM,2021-11-09 21:40:54,-15.856,27.748,79.43,26,4,5.82
554,Honningsvag,NO,2021-11-09 21:41:54,70.9821,25.9704,28.15,69,75,18.41
555,Nelson Bay,AU,2021-11-09 21:41:55,-32.7167,152.15,72.09,82,100,1.01
556,Dhangadhi,NP,2021-11-09 21:41:55,28.7079,80.5961,62.15,79,1,2.59
557,Nautla,MX,2021-11-09 21:41:55,20.2167,-96.7833,77.07,75,90,9.55
558,Sharan,RU,2021-11-09 21:41:55,54.8167,54.0,35.51,94,80,12.1
559,Saldanha,ZA,2021-11-09 21:41:56,-33.0117,17.9442,55.45,82,4,11.03
560,Kashary,RU,2021-11-09 21:41:56,49.04,41.0056,37.08,84,99,13.47
561,Evensk,RU,2021-11-09 21:41:56,61.95,159.2333,11.1,94,86,6.87
562,Praia,CV,2021-11-09 21:41:56,14.9215,-23.5087,77.54,69,40,20.71
563,Sylacauga,US,2021-11-09 21:41:57,33.1732,-86.2516,72.34,50,75,3.44
564,Manati,PR,2021-11-09 21:41:57,18.4275,-66.4921,83.79,82,39,9.24
565,Tammisaari,FI,2021-11-09 21:41:57,59.9736,23.4339,46.11,97,100,23.96
566,Agadez,NE,2021-11-09 21:41:58,19.75,10.25,76.95,14,75,9.15
