City_ID,City,Country,Date,Lat,Lng,Max Temp,Humidity,Cloudiness,Wind Speed,Current Description
0,Cidreira,BR,2021-11-12 19:27:34,-30.1811,-50.2056,66.72,63,94,16.17,overcast clouds
1,Albany,US,2021-11-12 19:27:34,42.6001,-73.9662,57.27,85,100,3.0,overcast clouds
2,Camacha,PT,2021-11-12 19:27:35,33.0833,-16.3333,63.82,63,40,8.05,scattered clouds
3,Cape Town,ZA,2021-11-12 19:25:06,-33.9258,18.4232,66.11,84,20,1.99,few clouds
4,Qaanaaq,GL,2021-11-12 19:27:35,77.484,-69.3632,-6.29,58,0,8.7,clear sky
5,Flin Flon,CA,2021-11-12 19:27:35,54.7682,-101.865,24.64,68,90,9.22,overcast clouds
6,Kudahuvadhoo,MV,2021-11-12 19:27:36,2.6708,72.8944,82.69,76,13,19.39,few clouds
7,San Andres,CO,2021-11-12 19:27:36,12.5847,-81.7006,87.82,66,20,12.66,few clouds
8,Ushuaia,AR,2021-11-12 19:27:37,-54.8,-68.3,55.06,54,75,14.97,broken clouds
9,Thompson,CA,2021-11-12 19:26:36,55.7435,-97.8558,24.96,74,90,9.22,overcast clouds
10,Caravelas,BR,2021-11-12 19:27:37,-17.7125,-39.2481,71.33,94,100,13.98,overcast clouds
11,Lasa,IT,2021-11-12 19:27:37,46.6166,10.7002,47.28,83,18,1.48,few clouds
12,Isangel,VU,2021-11-12 19:22:47,-19.55,169.2667,76.77,84,3,4.92,clear sky
13,Mataura,NZ,2021-11-12 19:27:38,-46.1927,168.8643,51.62,100,100,0.89,overcast clouds
14,Lorengau,PG,2021-11-12 19:27:38,-2.0226,147.2712,80.91,80,98,1.74,overcast clouds
15,Vila Do Maio,CV,2021-11-12 19:27:39,15.1333,-23.2167,77.79,73,24,12.77,few clouds
16,Port Alfred,ZA,2021-11-12 19:27:39,-33.5906,26.891,62.98,81,6,3.15,clear sky
17,Jamestown,US,2021-11-12 19:25:41,42.097,-79.2353,53.19,54,75,8.01,light rain
18,Nikolskoye,RU,2021-11-12 19:27:40,59.7035,30.7861,40.87,83,100,9.48,overcast clouds
19,Saint-Pierre,RE,2021-11-12 19:27:40,-21.3393,55.4781,73.08,68,0,3.44,clear sky
20,Te Anau,NZ,2021-11-12 19:27:40,-45.4167,167.7167,49.06,98,100,1.95,overcast clouds
21,Korla,CN,2021-11-12 19:27:41,41.7597,86.1469,31.6,36,2,3.53,clear sky
22,Norman Wells,CA,2021-11-12 19:27:41,65.282,-126.8329,21.24,73,90,12.66,overcast clouds
23,Cabo San Lucas,MX,2021-11-12 19:27:41,22.8909,-109.9124,87.1,64,1,1.01,clear sky
24,Duiwelskloof,ZA,2021-11-12 19:27:41,-23.6934,30.14,64.74,82,100,4.81,light rain
25,Victoria,HK,2021-11-12 19:27:42,22.2855,114.1577,73.26,54,100,1.01,overcast clouds
26,Avarua,CK,2021-11-12 19:27:42,-21.2078,-159.775,78.85,78,20,14.97,few clouds
27,Dunedin,NZ,2021-11-12 19:27:42,-45.8742,170.5036,52.47,93,100,2.3,light rain
28,Acari,PE,2021-11-12 19:23:14,-15.4311,-74.6158,76.08,54,92,11.39,overcast clouds
29,Tarpon Springs,US,2021-11-12 19:27:43,28.1461,-82.7568,80.29,72,1,3.0,clear sky
30,Tuktoyaktuk,CA,2021-11-12 19:27:43,69.4541,-133.0374,6.8,92,90,2.3,overcast clouds
31,Port Hawkesbury,CA,2021-11-12 19:27:43,45.6169,-61.3485,42.87,72,1,1.99,clear sky
32,Anadyr,RU,2021-11-12 19:27:44,64.75,177.4833,23.5,86,90,8.95,light snow
33,Tuatapere,NZ,2021-11-12 19:27:44,-46.1333,167.6833,50.36,98,100,2.8,overcast clouds
34,Vikhorevka,RU,2021-11-12 19:27:44,56.1201,101.1636,26.19,93,91,5.06,overcast clouds
35,Klaksvik,FO,2021-11-12 19:27:45,62.2266,-6.589,47.32,92,100,35.68,overcast clouds
36,Yellowknife,CA,2021-11-12 19:27:45,62.456,-114.3525,31.41,89,90,19.57,overcast clouds
37,Ust-Uda,RU,2021-11-12 19:27:45,54.1742,103.0304,21.88,95,100,3.47,overcast clouds
38,Torbay,CA,2021-11-12 19:27:46,47.6666,-52.7314,37.27,83,75,19.57,broken clouds
39,Prince Rupert,CA,2021-11-12 19:25:32,54.3161,-130.3201,49.69,84,90,11.5,moderate rain
40,Krasnyy Chikoy,RU,2021-11-12 19:27:46,50.3643,108.7512,24.76,91,81,3.74,broken clouds
41,Ahuimanu,US,2021-11-12 19:27:47,21.4447,-157.8378,81.79,62,1,0.0,clear sky
42,Carauari,BR,2021-11-12 19:27:47,-4.8828,-66.8958,71.56,99,100,1.97,overcast clouds
43,Kapaa,US,2021-11-12 19:28:48,22.0752,-159.319,80.58,71,90,1.01,overcast clouds
44,Saint-Philippe,RE,2021-11-12 19:28:48,-21.3585,55.7679,72.99,79,44,9.84,scattered clouds
45,Tiksi,RU,2021-11-12 19:28:49,71.6872,128.8694,-6.2,100,87,1.63,overcast clouds
46,Barrow,US,2021-11-12 19:28:49,71.2906,-156.7887,19.42,68,90,10.36,overcast clouds
47,Vuktyl,RU,2021-11-12 19:28:49,63.8567,57.3094,30.36,96,100,7.94,light snow
48,Vaini,TO,2021-11-12 19:28:50,-21.2,-175.2,78.96,89,75,5.75,broken clouds
49,Margate,GB,2021-11-12 19:28:50,51.3813,1.3862,55.04,81,100,3.0,overcast clouds
50,Umm Kaddadah,SD,2021-11-12 19:25:12,13.6017,26.6876,83.73,15,2,7.54,clear sky
51,Hermanus,ZA,2021-11-12 19:28:51,-34.4187,19.2345,64.9,81,100,1.72,overcast clouds
52,Bluff,NZ,2021-11-12 19:28:51,-46.6,168.3333,51.04,91,100,12.8,light rain
53,Hilo,US,2021-11-12 19:28:51,19.7297,-155.09,79.25,73,20,6.91,few clouds
54,Busselton,AU,2021-11-12 19:28:52,-33.65,115.3333,51.04,68,12,14.03,few clouds
55,Geraldton,AU,2021-11-12 19:28:52,-28.7667,114.6,52.21,82,0,1.14,clear sky
56,Sao Miguel Do Araguaia,BR,2021-11-12 19:28:52,-13.275,-50.1628,75.11,83,100,3.94,overcast clouds
57,Marsh Harbour,BS,2021-11-12 19:28:53,26.5412,-77.0636,74.89,84,100,4.52,light rain
58,Saryagash,KZ,2021-11-12 19:28:53,41.4511,69.1701,44.56,52,100,4.14,overcast clouds
59,Kangaatsiaq,GL,2021-11-12 19:28:54,68.3065,-53.4641,21.45,60,100,3.85,overcast clouds
60,Ouegoa,NC,2021-11-12 19:28:54,-20.35,164.4333,76.82,81,24,7.7,few clouds
61,Kununurra,AU,2021-11-12 19:28:54,-15.7667,128.7333,80.58,34,40,8.05,scattered clouds
62,Antalaha,MG,2021-11-12 19:28:55,-14.9003,50.2788,74.53,82,73,4.68,broken clouds
63,Grindavik,IS,2021-11-12 19:28:55,63.8424,-22.4338,37.87,75,75,12.66,broken clouds
64,Riyadh,SA,2021-11-12 19:24:04,24.6877,46.7219,69.94,19,61,10.49,broken clouds
65,Port Hardy,CA,2021-11-12 19:28:56,50.6996,-127.4199,51.98,76,75,11.5,light rain
66,Carnarvon,AU,2021-11-12 19:28:56,-24.8667,113.6333,69.87,68,6,11.5,clear sky
67,Faanui,PF,2021-11-12 19:28:57,-16.4833,-151.75,78.12,70,61,12.86,broken clouds
68,Brae,GB,2021-11-12 19:28:57,60.3964,-1.353,49.91,96,100,12.08,overcast clouds
69,Fairbanks,US,2021-11-12 19:28:57,64.8378,-147.7164,4.96,81,90,0.0,light snow
70,Coquimbo,CL,2021-11-12 19:28:58,-29.9533,-71.3436,60.53,77,75,14.97,broken clouds
71,Banjar,ID,2021-11-12 19:28:58,-8.19,114.9675,78.66,91,93,6.89,overcast clouds
72,Acarau,BR,2021-11-12 19:28:59,-2.8856,-40.12,85.55,65,2,17.65,clear sky
73,Zhob,PK,2021-11-12 19:28:59,31.3411,69.4481,54.54,16,0,3.42,clear sky
74,Morant Bay,JM,2021-11-12 19:28:59,17.8815,-76.4093,86.63,73,19,10.63,few clouds
75,Sidvokodvo,SZ,2021-11-12 19:29:00,-26.6282,31.4202,71.73,73,5,11.07,clear sky
76,Bardiyah,LY,2021-11-12 19:29:00,31.7561,25.0865,67.41,64,83,9.53,broken clouds
77,Wildomar,US,2021-11-12 19:29:01,33.5989,-117.28,92.48,26,1,5.01,clear sky
78,Axim,GH,2021-11-12 19:29:01,4.8699,-2.2405,79.99,85,42,7.27,scattered clouds
79,Hobart,AU,2021-11-12 19:29:02,-42.8794,147.3294,47.01,88,75,1.99,broken clouds
80,Punta Arenas,CL,2021-11-12 19:27:38,-53.15,-70.9167,62.71,34,20,23.02,few clouds
81,Rikitea,PF,2021-11-12 19:29:02,-23.1203,-134.9692,73.47,62,80,6.38,broken clouds
82,Katangli,RU,2021-11-12 19:29:03,51.7102,143.2326,29.88,90,99,9.66,overcast clouds
83,Coihaique,CL,2021-11-12 19:29:03,-45.5752,-72.0662,68.61,42,40,3.44,scattered clouds
84,Katsuura,JP,2021-11-12 19:29:04,35.1333,140.3,52.11,59,1,16.82,clear sky
85,Los Llanos De Aridane,ES,2021-11-12 19:29:04,28.6585,-17.9182,65.95,81,75,1.99,broken clouds
86,Bozova,TR,2021-11-12 19:29:05,37.3625,38.5267,59.92,35,0,1.74,clear sky
87,Mount Isa,AU,2021-11-12 19:29:05,-20.7333,139.5,56.97,67,0,6.91,clear sky
88,Provideniya,RU,2021-11-12 19:29:05,64.3833,-173.3,17.08,94,100,2.01,overcast clouds
89,Mayo,US,2021-11-12 19:29:06,38.8876,-76.5119,66.34,50,75,5.01,broken clouds
90,Amiens,FR,2021-11-12 19:30:06,49.9,2.3,54.46,85,78,13.44,broken clouds
91,Arraial Do Cabo,BR,2021-11-12 19:30:07,-22.9661,-42.0278,71.56,64,90,8.05,overcast clouds
92,Bredasdorp,ZA,2021-11-12 19:30:07,-34.5322,20.0403,63.28,77,100,2.48,overcast clouds
93,Victor Harbor,AU,2021-11-12 19:30:08,-35.5667,138.6167,55.49,66,100,1.01,overcast clouds
94,Boshnyakovo,RU,2021-11-12 19:30:09,49.6333,142.1667,29.82,96,100,4.83,snow
95,Tasiilaq,GL,2021-11-12 19:30:10,65.6145,-37.6368,28.56,94,100,3.24,light snow
96,Tagusao,PH,2021-11-12 19:30:10,9.1924,117.8141,78.42,81,100,1.79,overcast clouds
97,Half Moon Bay,US,2021-11-12 19:30:11,37.4636,-122.4286,74.5,73,1,6.91,haze
98,Ilulissat,GL,2021-11-12 19:30:11,69.2167,-51.1,8.62,40,75,20.71,broken clouds
99,Inta,RU,2021-11-12 19:30:12,66.0317,60.1659,18.73,97,100,1.16,overcast clouds
100,Mount Gambier,AU,2021-11-12 19:30:12,-37.8333,140.7667,44.51,81,100,9.22,overcast clouds
101,Hithadhoo,MV,2021-11-12 19:30:13,-0.6,73.0833,82.02,76,15,10.07,few clouds
102,Iqaluit,CA,2021-11-12 19:30:13,63.7506,-68.5145,13.73,85,90,5.99,light snow
103,Port Elizabeth,ZA,2021-11-12 19:26:46,-33.918,25.5701,63.1,94,0,0.0,clear sky
104,Srednekolymsk,RU,2021-11-12 19:30:14,67.45,153.6833,1.31,98,100,2.95,overcast clouds
105,Naze,JP,2021-11-12 19:30:14,28.3667,129.4833,60.01,61,31,8.88,scattered clouds
106,Gobo,JP,2021-11-12 19:30:14,33.8833,135.15,53.58,67,9,4.36,clear sky
107,Carutapera,BR,2021-11-12 19:30:15,-1.195,-46.02,83.34,66,16,7.0,few clouds
108,Mar Del Plata,AR,2021-11-12 19:30:15,-38.0023,-57.5575,66.22,85,75,35.01,light rain
109,Karratha,AU,2021-11-12 19:30:16,-20.7377,116.8463,73.18,47,100,8.19,overcast clouds
110,East London,ZA,2021-11-12 19:29:55,-33.0153,27.9116,65.34,81,40,4.32,scattered clouds
111,Sur,OM,2021-11-12 19:30:16,22.5667,59.5289,77.0,55,0,7.43,clear sky
112,Puerto Ayora,EC,2021-11-12 19:30:16,-0.7393,-90.3518,76.96,80,66,10.71,broken clouds
113,Kawalu,ID,2021-11-12 19:30:17,-7.3817,108.2082,71.64,95,100,1.59,light rain
114,Ribeira Grande,PT,2021-11-12 19:30:17,38.5167,-28.7,67.77,92,100,27.78,overcast clouds
115,Turukhansk,RU,2021-11-12 19:30:18,65.8167,87.9833,9.5,81,100,16.28,overcast clouds
116,Sayyan,YE,2021-11-12 19:30:18,15.1718,44.3244,53.71,28,60,4.81,broken clouds
117,Balaghat,IN,2021-11-12 19:30:18,21.8,80.1833,69.06,78,96,5.5,overcast clouds
118,Tiznit,MA,2021-11-12 19:30:18,29.5833,-9.5,54.57,82,0,1.79,clear sky
119,Finote Selam,ET,2021-11-12 19:30:19,10.7,37.2667,57.45,89,91,4.41,overcast clouds
120,Sozimskiy,RU,2021-11-12 19:30:19,59.7418,52.2482,30.9,96,100,5.7,overcast clouds
121,Castro,BR,2021-11-12 19:30:20,-24.7911,-50.0119,64.53,70,47,10.04,scattered clouds
122,Payo,ID,2021-11-12 19:30:20,-3.7508,103.6372,73.09,97,100,2.3,overcast clouds
123,Upernavik,GL,2021-11-12 19:30:20,72.7868,-56.1549,6.12,79,34,8.59,scattered clouds
124,Luwuk,ID,2021-11-12 19:30:21,-0.9516,122.7875,78.03,83,99,3.33,overcast clouds
125,Port Blair,IN,2021-11-12 19:30:21,11.6667,92.75,77.74,86,95,4.76,overcast clouds
126,Butaritari,KI,2021-11-12 19:30:22,3.0707,172.7902,82.18,71,86,14.61,light rain
127,Chokurdakh,RU,2021-11-12 19:30:22,70.6333,147.9167,-2.33,96,100,8.79,overcast clouds
128,Hasaki,JP,2021-11-12 19:30:23,35.7333,140.8333,43.2,64,4,8.68,clear sky
129,Huanren,CN,2021-11-12 19:30:23,41.2647,125.3667,29.61,73,0,3.74,clear sky
130,Keffi,NG,2021-11-12 19:30:23,8.8486,7.8736,82.78,57,93,0.81,overcast clouds
131,Yacuiba,BO,2021-11-12 19:30:24,-22.038,-63.6797,93.97,46,75,0.0,broken clouds
132,Narsaq,GL,2021-11-12 19:30:24,60.9167,-46.05,17.82,66,95,7.85,overcast clouds
133,Coahuayana,MX,2021-11-12 19:30:25,18.7333,-103.6833,87.28,62,45,6.29,scattered clouds
134,Hami,CN,2021-11-12 19:30:25,42.8,93.45,28.63,53,0,3.71,clear sky
135,New Norfolk,AU,2021-11-12 19:30:26,-42.7826,147.0587,46.65,72,100,1.99,overcast clouds
136,Wewak,PG,2021-11-12 19:30:26,-3.5534,143.6268,80.08,78,92,2.64,overcast clouds
137,Mana,GF,2021-11-12 19:31:27,5.6592,-53.7767,82.17,73,52,8.75,broken clouds
138,Lebu,CL,2021-11-12 19:31:06,-37.6167,-73.65,55.98,78,100,10.67,overcast clouds
139,Alta Floresta,BR,2021-11-12 19:31:27,-9.8756,-56.0861,89.42,55,40,5.75,scattered clouds
140,Richards Bay,ZA,2021-11-12 19:31:28,-28.783,32.0377,71.94,84,90,16.87,overcast clouds
141,Obo,CF,2021-11-12 19:31:28,5.3998,26.4869,69.1,84,78,4.12,broken clouds
142,Quime,BO,2021-11-12 19:31:28,-16.9833,-67.2167,60.82,65,100,6.13,overcast clouds
143,Bambous Virieux,MU,2021-11-12 19:31:29,-20.3428,57.7575,74.21,83,40,3.44,scattered clouds
144,Vardo,NO,2021-11-12 19:31:29,70.3705,31.1107,24.78,86,40,10.36,scattered clouds
145,Ariquemes,BR,2021-11-12 19:30:49,-9.9133,-63.0408,74.93,91,96,3.69,overcast clouds
146,Panalingaan,PH,2021-11-12 19:31:30,8.7842,117.4231,77.68,88,99,2.15,overcast clouds
147,Mamallapuram,IN,2021-11-12 19:31:30,12.6264,80.1722,80.65,88,75,5.61,broken clouds
148,Mahebourg,MU,2021-11-12 19:31:31,-20.4081,57.7,74.25,83,40,3.44,scattered clouds
149,Kiunga,PG,2021-11-12 19:31:31,-6.1219,141.2906,73.06,100,100,1.88,heavy intensity rain
150,Poum,NC,2021-11-12 19:31:32,-20.2333,164.0167,78.13,79,55,11.95,broken clouds
151,San Cristobal,VE,2021-11-12 19:31:33,7.7669,-72.225,80.78,36,33,4.41,scattered clouds
152,Necochea,AR,2021-11-12 19:30:06,-38.5473,-58.7368,80.04,37,100,12.55,overcast clouds
153,Hafizabad,PK,2021-11-12 19:31:33,32.0679,73.6854,63.91,26,0,3.74,clear sky
154,Chuy,UY,2021-11-12 19:31:34,-33.6971,-53.4616,64.56,58,98,14.38,overcast clouds
155,Ocean City,US,2021-11-12 19:30:04,39.2776,-74.5746,66.25,88,49,3.0,scattered clouds
156,Diapaga,BF,2021-11-12 19:31:34,12.0708,1.7889,86.79,20,94,4.18,overcast clouds
157,Lavrentiya,RU,2021-11-12 19:31:34,65.5833,-171.0,9.88,88,98,2.62,overcast clouds
158,Mzimba,MW,2021-11-12 19:31:35,-11.9,33.6,71.91,50,63,11.63,broken clouds
159,Lashio,MM,2021-11-12 19:31:35,22.9333,97.75,60.42,99,67,0.69,broken clouds
160,Atambua,ID,2021-11-12 19:31:35,-9.1061,124.8925,76.26,87,99,1.59,overcast clouds
161,Broome,US,2021-11-12 19:31:36,42.2506,-75.833,57.45,65,1,3.0,clear sky
162,Paraiso,CR,2021-11-12 19:31:36,9.8383,-83.8656,76.06,68,38,4.23,scattered clouds
163,Wanning,CN,2021-11-12 19:31:37,18.8003,110.3967,71.17,72,100,13.82,overcast clouds
164,Washington,US,2021-11-12 19:27:33,47.5001,-120.5015,51.04,90,100,2.37,overcast clouds
165,Khatanga,RU,2021-11-12 19:31:37,71.9667,102.5,-23.44,97,94,5.32,overcast clouds
166,Saint George,US,2021-11-12 19:31:38,37.1041,-113.5841,71.64,32,1,1.99,clear sky
167,Gandajika,CD,2021-11-12 19:31:38,-6.75,23.95,70.56,80,100,3.02,overcast clouds
168,Hearst,CA,2021-11-12 19:31:39,49.6835,-83.6665,32.25,94,99,4.99,overcast clouds
169,Pisco,PE,2021-11-12 19:31:39,-13.7,-76.2167,68.05,73,0,5.75,clear sky
170,Malakal,SS,2021-11-12 19:31:40,9.5334,31.6605,79.59,57,30,4.03,scattered clouds
171,Grootfontein,NA,2021-11-12 19:31:41,-19.5667,18.1167,69.37,49,100,4.61,overcast clouds
172,Pangnirtung,CA,2021-11-12 19:31:41,66.1451,-65.7125,10.4,79,90,3.44,light snow
173,Moengo,SR,2021-11-12 19:31:42,5.6167,-54.4,82.22,78,88,5.17,overcast clouds
174,Suntar,RU,2021-11-12 19:31:42,62.1444,117.6319,2.05,96,99,4.56,overcast clouds
175,Rawalpindi,PK,2021-11-12 19:28:55,33.6007,73.0679,56.23,68,0,3.78,clear sky
176,Aklavik,CA,2021-11-12 19:31:43,68.2191,-135.0107,5.83,95,100,10.89,overcast clouds
177,Souillac,MU,2021-11-12 19:31:43,-20.5167,57.5167,74.35,83,40,3.44,scattered clouds
178,Harper,LR,2021-11-12 19:31:44,4.375,-7.7169,78.57,87,90,6.55,light rain
179,Lagoa,PT,2021-11-12 19:31:44,39.05,-27.9833,67.96,85,88,17.07,overcast clouds
180,Pierre,US,2021-11-12 19:30:06,44.3683,-100.351,34.72,71,40,11.01,scattered clouds
181,Inirida,CO,2021-11-12 19:32:45,3.8653,-67.9239,83.21,71,93,1.19,overcast clouds
182,Auki,SB,2021-11-12 19:32:45,-8.7676,160.7034,79.21,84,82,4.14,broken clouds
183,Golden,US,2021-11-12 19:31:04,39.7555,-105.2211,61.11,35,40,10.0,scattered clouds
184,Ukiah,US,2021-11-12 19:32:46,39.1502,-123.2078,75.04,73,1,0.0,clear sky
185,Aviles,ES,2021-11-12 19:32:46,43.5547,-5.9248,56.17,84,90,1.01,overcast clouds
186,Touros,BR,2021-11-12 19:32:47,-5.1989,-35.4608,85.1,74,26,13.94,scattered clouds
187,Pampa,US,2021-11-12 19:32:47,35.5362,-100.9599,52.75,24,0,15.86,clear sky
188,Todos Santos,MX,2021-11-12 19:32:48,23.45,-110.2167,87.12,75,0,7.05,clear sky
189,Hambantota,LK,2021-11-12 19:32:48,6.1241,81.1185,78.82,78,93,14.05,overcast clouds
190,Sokolka,PL,2021-11-12 19:32:48,53.4072,23.5023,38.66,90,87,1.16,overcast clouds
191,Thio,NC,2021-11-12 19:32:49,-21.6167,166.2167,75.16,80,80,3.76,broken clouds
192,Atuona,PF,2021-11-12 19:32:50,-9.8,-139.0333,77.81,75,21,12.8,few clouds
193,Peterhead,GB,2021-11-12 19:32:51,57.5058,-1.7981,51.12,95,94,10.13,overcast clouds
194,Cherskiy,RU,2021-11-12 19:32:51,68.75,161.3,8.13,97,100,3.89,overcast clouds
195,Balad,IQ,2021-11-12 19:32:51,34.0164,44.1453,58.93,43,0,8.75,clear sky
196,Khotkovo,RU,2021-11-12 19:32:52,56.257,37.9954,38.98,93,100,14.09,overcast clouds
197,Kuytun,RU,2021-11-12 19:32:52,54.3419,101.5036,24.39,98,100,1.9,light snow
198,Guerrero Negro,MX,2021-11-12 19:32:53,27.9769,-114.0611,84.67,23,2,4.97,clear sky
199,Georgetown,MY,2021-11-12 19:30:16,5.4112,100.3354,76.98,94,40,3.0,scattered clouds
200,Bethel,US,2021-11-12 19:32:53,41.3712,-73.414,61.72,90,100,1.01,overcast clouds
201,Kamen-Na-Obi,RU,2021-11-12 19:32:54,53.7884,81.3423,34.74,94,100,12.8,overcast clouds
202,Leningradskiy,RU,2021-11-12 19:32:54,69.3833,178.4167,7.66,92,98,4.5,overcast clouds
203,Chenzhou,CN,2021-11-12 19:32:54,25.8,113.0333,51.85,86,28,0.98,scattered clouds
204,General Escobedo,MX,2021-11-12 19:30:49,25.8167,-100.3333,85.12,61,75,5.75,broken clouds
205,Fukue,JP,2021-11-12 19:32:55,32.6881,128.8419,57.47,65,82,15.9,broken clouds
206,Kahului,US,2021-11-12 19:32:56,20.8947,-156.47,81.97,67,1,0.0,clear sky
207,Kodiak,US,2021-11-12 19:32:56,57.79,-152.4072,24.31,63,40,18.41,scattered clouds
208,Hit,IQ,2021-11-12 19:32:57,33.6416,42.8251,60.06,43,0,2.17,clear sky
209,Pacific Grove,US,2021-11-12 19:32:05,36.6177,-121.9166,75.76,61,1,4.0,clear sky
210,Lakatoro,VU,2021-11-12 19:32:58,-16.0999,167.4164,81.68,78,13,8.25,few clouds
211,Westerland,DE,2021-11-12 19:32:58,54.9079,8.3033,46.92,93,75,19.57,broken clouds
212,Hamina,FI,2021-11-12 19:32:59,60.5697,27.1979,36.68,84,87,8.63,overcast clouds
213,Codrington,AU,2021-11-12 19:32:59,-38.2667,141.9667,50.05,64,100,16.26,overcast clouds
214,Goderich,CA,2021-11-12 19:31:10,43.7501,-81.7165,52.92,50,100,17.27,overcast clouds
215,Vila Velha,BR,2021-11-12 19:28:26,-20.3297,-40.2925,67.95,96,90,8.01,overcast clouds
216,Castrovillari,IT,2021-11-12 19:33:00,39.8203,16.2123,58.5,94,97,1.1,overcast clouds
217,Belaya Gora,RU,2021-11-12 19:33:00,68.5333,146.4167,5.45,96,100,6.4,light snow
218,Khani,GE,2021-11-12 19:33:00,41.9563,42.9566,31.57,66,7,3.47,clear sky
219,Yurginskoye,RU,2021-11-12 19:33:01,56.8189,67.3921,24.84,92,86,11.36,overcast clouds
220,Corinth,GR,2021-11-12 19:34:02,37.9407,22.9573,57.69,70,0,1.16,clear sky
221,Laguna,US,2021-11-12 19:34:02,38.421,-121.4238,76.84,86,90,3.44,fog
222,Khilok,RU,2021-11-12 19:34:03,51.3674,110.4676,24.42,85,73,10.4,broken clouds
223,Kirakira,SB,2021-11-12 19:34:03,-10.4544,161.9205,81.23,82,20,4.88,few clouds
224,Taft,IR,2021-11-12 19:34:04,31.7471,54.2088,49.95,40,0,13.8,clear sky
225,Igrim,RU,2021-11-12 19:34:05,63.1906,64.4162,22.82,95,99,5.14,overcast clouds
226,Vao,NC,2021-11-12 19:34:05,-22.6667,167.4833,74.62,84,4,10.16,clear sky
227,Hirara,JP,2021-11-12 19:34:06,24.8,125.2833,71.49,59,41,14.45,scattered clouds
228,Ponta Do Sol,PT,2021-11-12 19:34:06,32.6667,-17.1,67.71,64,63,5.23,broken clouds
229,Port Lincoln,AU,2021-11-12 19:31:10,-34.7333,135.8667,53.98,73,98,7.63,overcast clouds
230,Saskylakh,RU,2021-11-12 19:34:06,71.9167,114.0833,-23.87,97,13,5.08,few clouds
231,Asau,RO,2021-11-12 19:34:07,46.4333,26.4,41.76,72,41,1.23,scattered clouds
232,Sigli,ID,2021-11-12 19:34:07,5.3848,95.9609,77.07,79,100,5.44,overcast clouds
233,Pevek,RU,2021-11-12 19:34:07,69.7008,170.3133,13.19,95,99,4.97,overcast clouds
234,Nantucket,US,2021-11-12 19:31:08,41.2835,-70.0995,62.74,85,75,25.32,broken clouds
235,Ahipara,NZ,2021-11-12 19:34:08,-35.1667,173.1667,66.29,97,100,16.84,overcast clouds
236,Sangar,RU,2021-11-12 19:34:08,63.9242,127.4739,-11.31,98,100,3.09,overcast clouds
237,Aswan,EG,2021-11-12 19:34:08,24.0934,32.907,81.7,50,0,3.44,clear sky
238,Miraflores,MX,2021-11-12 19:34:09,19.2167,-98.8083,70.56,23,0,4.43,clear sky
239,Inhambane,MZ,2021-11-12 19:34:09,-23.865,35.3833,73.76,81,100,13.62,overcast clouds
240,Pajan,EC,2021-11-12 19:34:10,-1.5667,-80.4167,91.44,39,90,3.67,overcast clouds
241,Seddon,AU,2021-11-12 19:34:10,-37.8068,144.8916,53.67,93,90,4.0,light intensity shower rain
242,Nikki,BJ,2021-11-12 19:34:10,9.9401,3.2108,82.47,34,100,5.46,overcast clouds
243,Beringovskiy,RU,2021-11-12 19:34:11,63.05,179.3167,17.71,89,95,3.78,overcast clouds
244,George,ZA,2021-11-12 19:34:12,-33.963,22.4617,62.15,94,90,2.3,overcast clouds
245,Nome,US,2021-11-12 19:32:17,64.5011,-165.4064,-3.93,84,1,4.61,clear sky
246,Tateyama,JP,2021-11-12 19:34:12,34.9833,139.8667,51.03,53,0,15.37,clear sky
247,Santa Isabel Do Rio Negro,BR,2021-11-12 19:34:12,-0.4139,-65.0192,81.73,91,100,0.78,moderate rain
248,Airai,TL,2021-11-12 19:34:13,-8.9266,125.4092,62.6,93,99,0.78,overcast clouds
249,Beloha,MG,2021-11-12 19:34:14,-25.1667,45.05,71.82,87,46,12.21,scattered clouds
250,Taoudenni,ML,2021-11-12 19:34:14,22.6783,-3.9836,77.32,11,100,7.07,overcast clouds
251,Palana,RU,2021-11-12 19:34:14,59.1167,159.9667,26.78,79,92,7.47,overcast clouds
252,Trud,BG,2021-11-12 19:34:15,42.2333,24.7333,37.62,100,20,2.3,few clouds
253,Shanhetun,CN,2021-11-12 19:34:15,44.7,127.2,27.18,83,11,13.91,few clouds
254,Asnaes,DK,2021-11-12 19:34:16,55.8123,11.5013,48.96,95,100,8.99,overcast clouds
255,Bosaso,SO,2021-11-12 19:34:16,11.2842,49.1816,77.74,70,100,4.23,overcast clouds
256,Vrangel,RU,2021-11-12 19:34:17,42.7297,133.0839,34.83,61,0,6.55,clear sky
257,Jiexiu,CN,2021-11-12 19:34:17,37.0244,111.9125,40.28,34,0,7.07,clear sky
258,Iralaya,HN,2021-11-12 19:34:18,15.0,-83.2333,82.71,72,14,6.73,few clouds
259,Ancud,CL,2021-11-12 19:34:18,-41.8697,-73.8203,55.42,86,100,3.09,overcast clouds
260,Chincha Alta,PE,2021-11-12 19:34:18,-13.4099,-76.1323,66.79,69,72,9.17,broken clouds
261,Broken Hill,AU,2021-11-12 19:34:19,-31.95,141.4333,47.91,87,64,12.66,broken clouds
262,Kavaratti,IN,2021-11-12 19:34:19,10.5669,72.642,82.35,71,89,3.33,overcast clouds
263,Ust-Koksa,RU,2021-11-12 19:34:20,50.2696,85.6108,21.33,79,97,1.63,overcast clouds
264,Machali,CL,2021-11-12 19:34:21,-34.1833,-70.6667,79.41,27,64,9.53,broken clouds
265,Vodnyy,RU,2021-11-12 19:34:22,63.5046,53.4095,30.13,94,93,7.47,overcast clouds
266,Nemuro,JP,2021-11-12 19:34:22,43.3236,145.575,45.23,73,4,16.96,clear sky
267,Soria,ES,2021-11-12 19:35:23,41.6667,-2.6667,45.86,87,7,3.27,clear sky
268,Disna,BY,2021-11-12 19:35:23,55.568,28.1971,37.02,94,11,8.19,few clouds
269,Kavieng,PG,2021-11-12 19:35:24,-2.5744,150.7967,81.46,76,94,7.09,overcast clouds
270,Buritis,BR,2021-11-12 19:35:24,-15.6178,-46.4233,82.38,63,100,1.79,light rain
271,Bikapur,IN,2021-11-12 19:35:25,26.6,82.1333,67.15,52,99,3.78,overcast clouds
272,Ponta Delgada,PT,2021-11-12 19:35:25,37.7333,-25.6667,71.51,79,91,15.86,overcast clouds
273,Gejiu,CN,2021-11-12 19:35:26,23.306,103.1635,43.47,92,100,2.77,overcast clouds
274,Tocopilla,CL,2021-11-12 19:35:26,-22.092,-70.1979,67.84,65,97,11.39,overcast clouds
275,Clyde River,CA,2021-11-12 19:35:27,70.4692,-68.5914,12.43,100,75,27.63,broken clouds
276,Sao Borja,BR,2021-11-12 19:35:27,-28.6606,-56.0044,91.94,43,24,13.78,few clouds
277,Kalanchak,UA,2021-11-12 19:35:27,46.2562,33.2907,45.14,90,0,6.49,clear sky
278,Fortuna,US,2021-11-12 19:35:28,40.5982,-124.1573,65.32,89,60,5.28,broken clouds
279,Ifanadiana,MG,2021-11-12 19:35:28,-21.3,47.6333,69.69,95,94,1.07,overcast clouds
280,Garissa,KE,2021-11-12 19:35:29,-0.4536,39.6401,81.19,67,62,16.02,broken clouds
281,Kruisfontein,ZA,2021-11-12 19:35:29,-34.0033,24.7314,60.89,92,3,2.57,clear sky
282,Hualmay,PE,2021-11-12 19:35:30,-11.0964,-77.6139,69.13,70,100,12.08,overcast clouds
283,Shu,KZ,2021-11-12 19:35:30,43.5983,73.7614,41.9,63,93,5.17,overcast clouds
284,Hobyo,SO,2021-11-12 19:35:30,5.3505,48.5268,80.2,76,91,13.87,overcast clouds
285,Alofi,NU,2021-11-12 19:35:31,-19.0595,-169.9187,78.69,83,100,8.05,overcast clouds
286,Curuca,BR,2021-11-12 19:35:32,-0.7289,-47.8481,82.44,69,14,7.58,few clouds
287,Tadine,NC,2021-11-12 19:35:32,-21.55,167.8833,77.04,76,7,5.28,clear sky
288,Gushikawa,JP,2021-11-12 19:35:32,26.3544,127.8686,65.43,88,75,8.05,broken clouds
289,Rockport,US,2021-11-12 19:33:23,28.0206,-97.0544,84.45,62,1,1.99,clear sky
290,Mackay,AU,2021-11-12 19:35:33,-21.15,149.2,73.04,78,90,11.5,overcast clouds
291,Kaitangata,NZ,2021-11-12 19:35:33,-46.2817,169.8464,51.82,97,100,5.1,light rain
292,Yulara,AU,2021-11-12 19:35:34,-25.2406,130.9889,53.44,58,0,5.75,clear sky
293,Aksu,CN,2021-11-12 19:35:34,41.1231,80.2644,32.72,41,1,2.15,clear sky
294,Brainerd,US,2021-11-12 19:35:34,46.358,-94.2008,35.38,80,90,18.41,overcast clouds
295,Booue,GA,2021-11-12 19:35:35,-0.0921,11.9385,73.85,95,100,1.52,light rain
296,Leh,IN,2021-11-12 19:35:35,34.1667,77.5833,18.57,47,0,3.18,clear sky
297,San Quintin,MX,2021-11-12 19:35:35,30.4833,-115.95,79.74,25,2,8.81,clear sky
298,Tura,IN,2021-11-12 19:35:36,25.5198,90.2201,60.06,89,71,3.69,broken clouds
299,Cap Malheureux,MU,2021-11-12 19:35:36,-19.9842,57.6142,74.46,75,25,3.0,scattered clouds
300,Aquiraz,BR,2021-11-12 19:35:37,-3.9014,-38.3911,86.09,69,1,11.52,clear sky
301,Olinda,BR,2021-11-12 19:35:37,-8.0089,-34.8553,83.93,70,40,9.22,scattered clouds
302,Constitucion,CL,2021-11-12 19:31:31,-35.3333,-72.4167,58.37,70,100,13.94,overcast clouds
303,Wiarton,CA,2021-11-12 19:35:38,44.7407,-81.1332,52.39,43,75,17.27,broken clouds
304,Mrakovo,RU,2021-11-12 19:35:38,52.7161,56.6244,26.76,95,100,12.59,light snow
305,Palmer,US,2021-11-12 19:35:25,42.1584,-72.3287,63.01,84,90,5.01,moderate rain
306,Simoes,BR,2021-11-12 19:35:39,-7.5989,-40.8178,89.44,34,75,7.05,broken clouds
307,Misratah,LY,2021-11-12 19:35:39,32.3754,15.0925,68.85,50,51,6.64,broken clouds
308,Sabang,ID,2021-11-12 19:35:40,5.8933,95.3214,80.69,76,100,13.53,overcast clouds
309,Penzance,GB,2021-11-12 19:35:40,50.1186,-5.5371,54.61,85,100,24.29,overcast clouds
310,Yar-Sale,RU,2021-11-12 19:35:41,66.8333,70.8333,15.4,97,100,4.79,overcast clouds
311,Coos Bay,US,2021-11-12 19:31:10,43.3665,-124.2179,63.32,95,90,9.22,mist
312,Amaigbo,NG,2021-11-12 19:36:41,5.7892,7.8383,75.94,90,99,6.08,light rain
313,Richmond,US,2021-11-12 19:36:41,37.5538,-77.4603,72.0,34,20,8.01,few clouds
314,Vestmannaeyjar,IS,2021-11-12 19:36:41,63.4427,-20.2734,40.71,79,100,22.68,overcast clouds
315,Baykit,RU,2021-11-12 19:36:42,61.67,96.37,-9.85,99,77,2.68,broken clouds
316,Lazaro Cardenas,MX,2021-11-12 19:36:42,17.9583,-102.2,83.55,62,0,6.89,clear sky
317,Zhigansk,RU,2021-11-12 19:36:43,66.7697,123.3711,-14.57,93,88,9.95,overcast clouds
318,Samarai,PG,2021-11-12 19:36:43,-10.6167,150.6667,81.28,80,100,2.35,overcast clouds
319,Aloleng,PH,2021-11-12 19:36:44,16.1307,119.7824,79.99,74,100,7.09,overcast clouds
320,Starogard Gdanski,PL,2021-11-12 19:36:44,53.964,18.5264,43.05,93,8,6.11,clear sky
321,Oussouye,SN,2021-11-12 19:36:44,12.485,-16.5469,82.58,72,100,4.5,light rain
322,San Patricio,US,2021-11-12 19:36:45,28.017,-97.5169,84.61,44,0,7.27,clear sky
323,Benemerito De Las Americas,MX,2021-11-12 19:36:45,16.5167,-90.6439,85.68,55,42,2.86,scattered clouds
324,Rocha,UY,2021-11-12 19:36:45,-34.4833,-54.3333,65.52,56,100,14.92,overcast clouds
325,Mulege,MX,2021-11-12 19:36:46,26.8833,-111.9833,83.16,34,0,13.78,clear sky
326,Eston,CA,2021-11-12 19:36:46,51.1501,-108.7514,30.09,40,100,20.31,overcast clouds
327,Iranshahr,IR,2021-11-12 19:36:46,27.2025,60.6848,64.74,24,0,0.0,clear sky
328,Bengkulu,ID,2021-11-12 19:36:47,-3.8004,102.2655,75.65,90,93,4.38,overcast clouds
329,Vestmanna,FO,2021-11-12 19:36:47,62.1564,-7.1664,45.52,81,75,18.41,broken clouds
330,Ozark,US,2021-11-12 19:36:47,37.0209,-93.206,50.92,52,45,3.0,scattered clouds
331,Rantepao,ID,2021-11-12 19:36:48,-2.9701,119.8978,66.83,97,100,2.15,overcast clouds
332,Girne,CY,2021-11-12 19:36:48,35.3417,33.3167,63.99,49,100,6.89,overcast clouds
333,Namatanai,PG,2021-11-12 19:36:49,-3.6667,152.4333,79.86,79,100,2.84,overcast clouds
334,Natal,BR,2021-11-12 19:36:49,-5.795,-35.2094,84.85,70,75,12.66,broken clouds
335,Kapoeta,SS,2021-11-12 19:36:49,4.7717,33.5903,83.59,37,81,6.02,broken clouds
336,Yanam,IN,2021-11-12 19:36:50,16.7333,82.2167,76.59,95,100,6.82,overcast clouds
337,Hovd,MN,2021-11-12 19:36:51,48.0056,91.6419,26.04,32,99,4.05,overcast clouds
338,Bandarbeyla,SO,2021-11-12 19:36:52,9.4942,50.8122,78.31,75,91,13.18,overcast clouds
339,Jibuti,DJ,2021-11-12 19:36:52,11.5,42.5,78.22,67,14,17.2,few clouds
340,Kaihua,CN,2021-11-12 19:36:53,23.3687,104.28,47.79,91,100,4.41,overcast clouds
341,Alice Springs,AU,2021-11-12 19:36:53,-23.7,133.8833,51.35,82,0,0.0,clear sky
342,Vieste,IT,2021-11-12 19:36:53,41.8825,16.175,59.5,84,17,5.03,few clouds
343,Porto Santo,PT,2021-11-12 19:36:54,33.072,-16.3415,66.58,63,40,8.05,scattered clouds
344,Thanh Hoa,VN,2021-11-12 19:36:54,19.8,105.7667,66.87,69,100,8.28,overcast clouds
345,Sikonge,TZ,2021-11-12 19:36:55,-5.6333,32.7667,77.04,28,92,7.18,overcast clouds
346,Gangarampur,IN,2021-11-12 19:36:55,25.4,88.5167,65.3,70,17,3.0,few clouds
347,Kedougou,SN,2021-11-12 19:36:55,12.5579,-12.1743,80.96,49,100,3.11,overcast clouds
348,Verkhnetulomskiy,RU,2021-11-12 19:36:56,68.6073,31.7962,5.13,97,73,0.31,broken clouds
349,Oranjemund,NA,2021-11-12 19:36:56,-28.55,16.4333,62.35,82,96,16.62,overcast clouds
350,Sistranda,NO,2021-11-12 19:36:57,63.7256,8.834,37.9,73,89,20.38,overcast clouds
351,Shenjiamen,CN,2021-11-12 19:36:57,29.9576,122.298,56.39,40,100,1.7,overcast clouds
352,Shitanjing,CN,2021-11-12 19:36:57,39.2342,106.3439,32.99,22,0,10.42,clear sky
353,Dikson,RU,2021-11-12 19:36:58,73.5069,80.5464,9.43,93,100,19.15,light snow
354,Tabou,CI,2021-11-12 19:36:58,4.423,-7.3528,78.6,87,87,6.8,overcast clouds
355,Cruzeiro Do Sul,BR,2021-11-12 19:36:59,-29.5128,-51.9853,80.53,55,7,12.08,clear sky
356,Tyup,KG,2021-11-12 19:36:59,42.7276,78.3648,28.27,78,3,4.32,clear sky
357,Gibara,CU,2021-11-12 19:37:00,21.1097,-76.1317,90.72,65,6,6.55,clear sky
358,Ottumwa,US,2021-11-12 19:37:00,41.02,-92.4113,38.08,72,90,11.99,overcast clouds
359,Jingdezhen,CN,2021-11-12 19:38:01,29.2947,117.2079,52.52,63,100,1.66,light rain
360,Kortkeros,RU,2021-11-12 19:38:01,61.8106,51.5806,32.0,97,99,5.77,overcast clouds
361,Kaseda,JP,2021-11-12 19:38:02,31.4167,130.3167,59.56,67,94,15.08,overcast clouds
362,Meulaboh,ID,2021-11-12 19:38:02,4.1363,96.1285,75.4,86,98,2.82,light rain
363,Manokwari,ID,2021-11-12 19:38:03,-0.8667,134.0833,78.82,77,99,2.06,overcast clouds
364,Miri,MY,2021-11-12 19:38:03,4.4148,114.0089,75.34,94,40,1.14,scattered clouds
365,Paamiut,GL,2021-11-12 19:38:03,61.994,-49.6678,15.17,63,1,10.6,clear sky
366,Ostrovnoy,RU,2021-11-12 19:38:04,68.0531,39.5131,30.02,66,100,16.96,overcast clouds
367,Juneau,US,2021-11-12 19:34:55,58.3019,-134.4197,41.0,95,90,12.66,light rain
368,Puerto Ayacucho,VE,2021-11-12 19:38:05,5.6639,-67.6236,89.19,58,54,1.72,broken clouds
369,Teguldet,RU,2021-11-12 19:38:05,57.3064,88.1667,23.67,96,100,4.68,light snow
370,Chissamba,AO,2021-11-12 19:38:05,-12.1667,17.3333,63.5,91,98,4.03,overcast clouds
371,Essex,US,2021-11-12 19:38:06,40.7834,-74.2163,65.25,83,75,1.01,broken clouds
372,Esperance,AU,2021-11-12 19:38:06,-33.8667,121.9,48.04,63,83,4.05,broken clouds
373,Wonthaggi,AU,2021-11-12 19:38:06,-38.6044,145.5913,51.82,83,100,4.05,light rain
374,Longyearbyen,SJ,2021-11-12 19:38:07,78.2186,15.6401,8.44,66,75,6.91,broken clouds
375,Saldanha,ZA,2021-11-12 19:38:07,-33.0117,17.9442,63.27,87,100,14.74,overcast clouds
376,Petropavlovsk-Kamchatskiy,RU,2021-11-12 19:38:07,53.0452,158.6483,36.19,100,90,6.71,light rain
377,Herat,AF,2021-11-12 19:38:08,34.5,62.0,42.3,48,7,0.4,clear sky
378,Kondagaon,IN,2021-11-12 19:38:09,19.6,81.6667,68.56,98,100,4.41,overcast clouds
379,Muros,ES,2021-11-12 19:38:10,42.7762,-9.0603,59.23,84,34,8.14,scattered clouds
380,Homer,US,2021-11-12 19:38:11,59.6425,-151.5483,26.47,86,90,3.44,heavy snow
381,Buraydah,SA,2021-11-12 19:38:11,26.326,43.975,66.65,31,26,10.16,scattered clouds
382,Kenai,US,2021-11-12 19:38:12,60.5544,-151.2583,23.14,93,90,0.0,light snow
383,Tokmak,UA,2021-11-12 19:38:13,47.2514,35.7058,42.44,79,0,7.05,clear sky
384,Nouadhibou,MR,2021-11-12 19:38:13,20.931,-17.0347,69.78,73,94,11.5,overcast clouds
385,Diepenbeek,BE,2021-11-12 19:38:13,50.9078,5.4221,50.47,81,98,15.01,overcast clouds
386,Liuzhou,CN,2021-11-12 19:38:14,24.3126,109.3892,57.38,68,85,5.84,overcast clouds
387,Shimoda,JP,2021-11-12 19:38:14,34.6667,138.95,46.11,59,1,20.6,clear sky
388,Svetlyy,RU,2021-11-12 19:38:16,54.675,20.1347,35.65,86,89,6.11,overcast clouds
389,Markova,UA,2021-11-12 19:38:17,48.6758,24.4138,39.42,58,3,2.77,clear sky
390,Port Hedland,AU,2021-11-12 19:38:17,-20.3167,118.5667,69.85,73,100,6.91,overcast clouds
391,Amli,IN,2021-11-12 19:38:18,20.2833,73.0167,69.26,33,77,3.89,broken clouds
392,Ngama,TD,2021-11-12 19:38:18,11.7833,17.1667,85.59,17,2,6.31,clear sky
393,Nauta,PE,2021-11-12 19:38:19,-4.5061,-73.5757,76.17,96,100,3.33,heavy intensity rain
394,Jiuquan,CN,2021-11-12 19:38:19,39.7432,98.5174,28.99,28,100,1.57,overcast clouds
395,Hokitika,NZ,2021-11-12 19:38:20,-42.7167,170.9667,59.41,98,100,5.46,light rain
396,Tieling,CN,2021-11-12 19:38:20,42.2931,123.8414,26.71,86,7,5.44,clear sky
397,Majene,ID,2021-11-12 19:38:20,-3.5403,118.9707,77.25,91,100,7.18,light rain
398,Charters Towers,AU,2021-11-12 19:38:20,-20.1,146.2667,69.51,36,100,16.04,overcast clouds
399,Baghdad,IQ,2021-11-12 19:38:21,33.3406,44.4009,55.31,54,0,3.44,clear sky
400,Boende,CD,2021-11-12 19:38:21,-0.2167,20.8667,72.09,91,100,0.74,light rain
401,Buala,SB,2021-11-12 19:38:21,-8.145,159.5921,81.25,80,37,3.2,light rain
402,Bilma,NE,2021-11-12 19:38:22,18.6853,12.9164,79.83,13,49,1.95,scattered clouds
403,Butembo,CD,2021-11-12 19:38:22,0.15,29.2833,59.49,91,100,1.68,overcast clouds
404,Taman,RU,2021-11-12 19:39:22,45.2117,36.7161,43.12,71,3,9.15,clear sky
405,Sao Filipe,CV,2021-11-12 19:39:23,14.8961,-24.4956,76.44,73,29,11.18,scattered clouds
406,Bubaque,GW,2021-11-12 19:39:23,11.2833,-15.8333,82.78,71,100,8.55,overcast clouds
407,Mogadishu,SO,2021-11-12 19:39:24,2.0371,45.3438,80.56,78,100,15.68,overcast clouds
408,San Jose De Rio Tinto,HN,2021-11-12 19:39:24,14.9333,-85.7,92.77,40,22,6.73,few clouds
409,Nanortalik,GL,2021-11-12 19:39:24,60.1432,-45.2371,25.43,61,100,7.56,overcast clouds
410,Anaconda,US,2021-11-12 19:39:25,46.1285,-112.9423,43.79,87,100,6.53,overcast clouds
411,Arcata,US,2021-11-12 19:35:58,40.8665,-124.0828,65.57,79,40,5.75,scattered clouds
412,Ayorou,NE,2021-11-12 19:39:25,14.7308,0.9174,88.61,12,89,9.62,overcast clouds
413,Abatskoye,RU,2021-11-12 19:39:26,56.2875,70.4555,21.97,88,21,13.49,few clouds
414,Andapa,MG,2021-11-12 19:39:26,-14.65,49.65,69.17,98,91,1.43,light rain
415,Phayao,TH,2021-11-12 19:39:26,19.25,100.25,67.23,96,69,2.26,broken clouds
416,Marawi,PH,2021-11-12 19:39:27,7.9986,124.2928,66.65,92,98,2.44,overcast clouds
417,Bundaberg,AU,2021-11-12 19:39:27,-24.85,152.35,67.21,59,100,7.0,overcast clouds
418,Labytnangi,RU,2021-11-12 19:39:28,66.6572,66.4183,8.28,95,100,1.95,overcast clouds
419,Horodnytsya,UA,2021-11-12 19:39:28,50.807,27.3168,37.47,92,28,3.22,scattered clouds
420,Mantua,IT,2021-11-12 19:39:29,45.1667,10.7833,56.7,89,14,0.58,few clouds
421,Ocos,GT,2021-11-12 19:39:29,14.5094,-92.1933,93.7,66,0,5.01,clear sky
422,Angoche,MZ,2021-11-12 19:39:29,-16.2325,39.9086,77.9,86,39,7.4,scattered clouds
423,Dukat,RU,2021-11-12 19:39:30,62.55,155.55,13.35,98,100,6.69,overcast clouds
424,Tulsipur,NP,2021-11-12 19:39:30,28.131,82.2973,59.32,87,42,3.67,scattered clouds
425,Boralday,KZ,2021-11-12 19:39:31,43.3578,76.8594,31.86,80,20,2.24,mist
426,Zelenoborskiy,RU,2021-11-12 19:39:31,66.845,32.3622,24.67,87,35,6.42,scattered clouds
427,Stawell,AU,2021-11-12 19:39:31,-37.05,142.7667,44.78,88,100,12.82,overcast clouds
428,Andros Town,BS,2021-11-12 19:39:32,24.7,-77.7667,82.36,72,100,0.74,light rain
429,Kieta,PG,2021-11-12 19:39:32,-6.2167,155.6333,79.45,82,59,2.51,broken clouds
430,Buchmany,UA,2021-11-12 19:39:32,51.0689,28.0421,37.38,91,47,4.76,scattered clouds
431,Tzucacab,MX,2021-11-12 19:39:32,20.0667,-89.05,77.65,79,100,3.51,overcast clouds
432,Orlik,RU,2021-11-12 19:39:33,52.5178,99.825,21.09,73,100,5.23,overcast clouds
433,Uyskoye,RU,2021-11-12 19:39:33,54.3775,60.0047,26.47,82,100,7.94,overcast clouds
434,Tilichiki,RU,2021-11-12 19:39:33,60.4667,166.1,30.47,99,100,3.0,overcast clouds
435,Yen Bai,VN,2021-11-12 19:39:34,21.7,104.8667,65.48,72,100,1.86,overcast clouds
436,Halifax,CA,2021-11-12 19:35:37,44.6453,-63.5724,46.09,66,75,5.99,broken clouds
437,Noumea,NC,2021-11-12 19:38:17,-22.2763,166.4572,78.01,99,67,1.36,broken clouds
438,Chipinge,ZW,2021-11-12 19:39:34,-20.1883,32.6236,65.14,73,39,2.73,scattered clouds
439,Kabelvag,NO,2021-11-12 19:39:34,68.2114,14.4817,40.53,75,40,6.91,light rain
440,Concordia,AR,2021-11-12 19:39:35,-31.393,-58.0209,84.27,43,20,21.0,few clouds
441,Pandan,PH,2021-11-12 19:39:35,14.0453,124.1694,79.59,88,89,12.26,overcast clouds
442,Mkushi,ZM,2021-11-12 19:39:36,-13.6202,29.3939,67.5,76,100,4.16,overcast clouds
443,Tuy Hoa,VN,2021-11-12 19:39:36,13.0833,109.3,75.22,95,100,5.3,overcast clouds
444,Monrovia,LR,2021-11-12 19:39:37,6.3005,-10.7969,80.37,82,88,7.29,overcast clouds
445,La Massana,AD,2021-11-12 19:39:37,42.5667,1.4833,41.65,95,71,5.61,broken clouds
446,Kamnik,SI,2021-11-12 19:39:37,46.2259,14.6121,45.07,91,90,0.0,light intensity drizzle
447,Kasongo-Lunda,CD,2021-11-12 19:39:38,-6.4667,16.8167,72.5,80,65,1.68,broken clouds
448,Cuiaba,BR,2021-11-12 19:39:38,-15.5961,-56.0967,76.93,94,75,4.61,light rain
449,Bilibino,RU,2021-11-12 19:39:38,68.0546,166.4372,15.17,97,99,2.3,light snow
450,Tehachapi,US,2021-11-12 19:40:39,35.1322,-118.449,76.41,25,0,8.01,clear sky
451,Zinder,NE,2021-11-12 19:40:39,13.8072,8.9881,84.4,12,0,9.01,clear sky
452,Buta,CD,2021-11-12 19:40:40,2.7858,24.73,68.72,96,100,1.68,light rain
453,Iquique,CL,2021-11-12 19:36:12,-20.2208,-70.1431,66.24,69,97,9.98,overcast clouds
454,Severo-Kurilsk,RU,2021-11-12 19:38:58,50.6789,156.125,42.46,98,100,10.85,light rain
455,Price,US,2021-11-12 19:40:40,39.5994,-110.8107,58.26,41,1,13.8,clear sky
456,La Tuque,CA,2021-11-12 19:36:09,47.4334,-72.7824,41.25,93,100,5.75,light rain
457,Anzio,IT,2021-11-12 19:40:41,41.4853,12.6179,61.32,94,100,3.85,overcast clouds
458,Kanigoro,ID,2021-11-12 19:40:41,-8.13,112.219,74.08,95,100,3.2,overcast clouds
459,Zapatoca,CO,2021-11-12 19:40:41,6.8153,-73.2677,74.16,71,78,6.35,broken clouds
460,Drabiv,UA,2021-11-12 19:40:42,49.963,32.1529,39.02,91,19,6.67,few clouds
461,Tevaitoa,PF,2021-11-12 19:40:42,-16.7833,-151.5,77.77,68,43,12.64,scattered clouds
462,Hauterive,FR,2021-11-12 19:40:43,46.0901,3.4459,47.16,81,23,3.04,few clouds
463,Nuuk,GL,2021-11-12 19:40:43,64.1835,-51.7216,16.41,53,1,17.27,clear sky
464,Port Moresby,PG,2021-11-12 19:40:43,-9.4431,147.1797,76.96,87,100,3.38,overcast clouds
465,Kyra,RU,2021-11-12 19:40:44,49.5776,111.9753,25.48,73,24,7.14,few clouds
466,Usinsk,RU,2021-11-12 19:40:44,65.9939,57.5281,19.74,95,100,6.85,overcast clouds
467,Kotma,IN,2021-11-12 19:39:01,23.2,81.9667,63.91,74,82,2.93,broken clouds
468,Prainha,BR,2021-11-12 19:40:45,-1.8,-53.48,90.43,47,64,6.42,broken clouds
469,Katoro,TZ,2021-11-12 19:40:45,-3.0203,31.8958,65.68,76,50,4.81,scattered clouds
470,Mount Darwin,ZW,2021-11-12 19:40:45,-16.7725,31.5838,69.01,76,64,8.28,broken clouds
471,Ugra,RU,2021-11-12 19:40:46,54.7777,34.3267,38.86,79,74,11.52,broken clouds
472,El Alto,PE,2021-11-12 19:40:46,-4.2714,-81.2147,73.06,70,46,18.81,scattered clouds
473,Aktas,KZ,2021-11-12 19:40:47,49.7789,72.9608,26.35,75,47,10.4,scattered clouds
474,Springdale,US,2021-11-12 19:35:49,36.1867,-94.1288,52.68,44,20,17.0,few clouds
475,Sembe,CG,2021-11-12 19:40:47,1.6481,14.5806,71.53,96,92,1.34,overcast clouds
476,Evensk,RU,2021-11-12 19:40:48,61.95,159.2333,29.55,97,100,5.17,light snow
477,Ayan,RU,2021-11-12 19:40:48,56.45,138.1667,24.94,71,100,12.17,overcast clouds
478,Adrar,MR,2021-11-12 19:40:49,20.5022,-10.0711,77.92,38,85,6.26,overcast clouds
479,Coari,BR,2021-11-12 19:40:49,-4.085,-63.1414,79.25,92,94,3.65,moderate rain
480,Berlevag,NO,2021-11-12 19:40:50,70.8578,29.0864,26.1,62,89,4.61,overcast clouds
481,Ust-Kuyga,RU,2021-11-12 19:40:50,70.0167,135.6,-18.09,100,100,6.04,overcast clouds
482,Antofagasta,CL,2021-11-12 19:37:17,-23.65,-70.4,65.48,69,33,10.02,scattered clouds
483,Portland,US,2021-11-12 19:39:57,45.5234,-122.6762,62.6,95,90,3.0,moderate rain
484,Umm Lajj,SA,2021-11-12 19:35:58,25.0213,37.2685,80.55,55,100,4.65,overcast clouds
485,Ewa Beach,US,2021-11-12 19:40:51,21.3156,-158.0072,83.01,59,20,10.0,few clouds
486,Lubango,AO,2021-11-12 19:40:51,-14.9172,13.4925,62.2,75,58,3.67,broken clouds
487,Comodoro Rivadavia,AR,2021-11-12 19:37:29,-45.8667,-67.5,73.26,21,0,10.36,clear sky
488,Whitecourt,CA,2021-11-12 19:40:52,54.1502,-115.6855,33.04,59,75,0.0,broken clouds
489,Jalu,LY,2021-11-12 19:40:53,29.0331,21.5482,66.97,52,0,7.87,clear sky
490,Along,IN,2021-11-12 19:40:53,28.1667,94.7667,55.76,71,41,1.54,scattered clouds
491,North Platte,US,2021-11-12 19:40:12,41.1239,-100.7654,43.0,30,1,15.01,clear sky
492,Deputatskiy,RU,2021-11-12 19:40:54,69.3,139.9,-5.24,100,100,3.51,overcast clouds
493,Praya,CV,2021-11-12 19:40:54,14.9215,-23.5087,77.54,69,20,16.11,few clouds
494,Launceston,AU,2021-11-12 19:40:55,-41.45,147.1667,48.79,76,90,5.99,overcast clouds
495,Sitka,US,2021-11-12 19:40:55,57.0531,-135.33,46.29,87,90,12.66,light rain
496,Bushehr,IR,2021-11-12 19:41:56,28.9684,50.8385,77.09,69,40,11.5,scattered clouds
497,Sovetskiy,RU,2021-11-12 19:41:56,61.3614,63.5842,28.9,92,98,9.82,overcast clouds
498,Kathu,TH,2021-11-12 19:41:57,7.9178,98.3332,80.69,99,100,1.83,light rain
499,Praia,CV,2021-11-12 19:40:54,14.9215,-23.5087,77.54,69,20,16.11,few clouds
500,Nakamura,JP,2021-11-12 19:41:57,32.9833,132.9333,44.91,83,13,3.89,few clouds
501,Preston,GB,2021-11-12 19:41:57,53.7667,-2.7167,55.38,83,100,23.58,light rain
502,Vostok,RU,2021-11-12 19:41:58,46.4856,135.8833,13.35,96,52,5.93,broken clouds
503,Zacualtipan,MX,2021-11-12 19:41:58,20.65,-98.6,66.47,53,1,8.32,clear sky
504,Chau Doc,VN,2021-11-12 19:41:59,10.7,105.1167,76.51,90,100,2.28,overcast clouds
505,Kaeo,NZ,2021-11-12 19:41:59,-35.1,173.7833,68.32,96,100,14.72,light rain
506,Stokke,NO,2021-11-12 19:41:59,59.2236,10.3003,40.77,96,90,9.22,light rain
507,Imbituba,BR,2021-11-12 19:39:25,-28.24,-48.6703,69.69,72,97,8.23,overcast clouds
508,Tutoia,BR,2021-11-12 19:42:00,-2.7619,-42.2744,87.78,73,10,9.71,clear sky
509,Marabba,SD,2021-11-12 19:42:00,12.35,32.1833,88.68,20,0,5.75,clear sky
510,Sinnamary,GF,2021-11-12 19:42:01,5.3833,-52.95,81.95,74,96,8.86,overcast clouds
511,Qiongshan,CN,2021-11-12 19:42:01,20.0058,110.3542,69.78,78,0,6.71,clear sky
512,Hnaberd,AM,2021-11-12 19:42:01,40.6372,44.1406,22.71,68,1,1.72,clear sky
513,Dzaoudzi,YT,2021-11-12 19:42:02,-12.7887,45.2699,80.49,74,0,5.75,clear sky
514,Lewistown,US,2021-11-12 19:42:02,40.5992,-77.5714,61.93,29,1,6.91,clear sky
515,Campos Novos,BR,2021-11-12 19:42:03,-27.4017,-51.225,68.02,59,67,7.96,broken clouds
516,The Valley,AI,2021-11-12 19:42:03,18.217,-63.0578,86.14,66,40,14.97,scattered clouds
517,Pontianak,ID,2021-11-12 19:42:03,-0.0333,109.3333,73.38,100,90,3.44,overcast clouds
518,Naryan-Mar,RU,2021-11-12 19:42:04,67.6713,53.087,24.22,92,100,14.67,overcast clouds
519,Rockingham,US,2021-11-12 19:42:04,42.9668,-71.0995,62.22,89,100,1.99,light rain
520,Hommelvik,NO,2021-11-12 19:42:04,63.4108,10.7942,37.58,90,0,5.75,clear sky
521,Nikolayevka,RU,2021-11-12 19:42:05,53.1257,47.2041,34.36,96,100,15.32,overcast clouds
522,Alyangula,AU,2021-11-12 19:42:05,-13.8483,136.4192,76.87,100,40,1.14,scattered clouds
523,Wajir,KE,2021-11-12 19:42:05,1.7471,40.0573,85.44,51,73,16.91,broken clouds
524,Pizhanka,RU,2021-11-12 19:42:06,57.4604,48.542,29.91,97,100,4.83,overcast clouds
525,Pemba,MZ,2021-11-12 19:42:06,-12.974,40.5178,80.15,80,10,9.93,clear sky
526,Alihe,CN,2021-11-12 19:42:07,50.5667,123.7167,25.3,66,98,2.35,overcast clouds
527,Dois Riachos,BR,2021-11-12 19:42:07,-9.3925,-37.1006,87.93,44,91,18.03,overcast clouds
528,Matay,EG,2021-11-12 19:42:07,28.419,30.7792,69.42,47,100,10.0,overcast clouds
529,Labuan,MY,2021-11-12 19:42:08,5.2767,115.2417,75.56,100,20,0.0,few clouds
530,Oistins,BB,2021-11-12 19:40:09,13.0667,-59.5333,86.09,62,40,16.11,scattered clouds
531,Dalby,AU,2021-11-12 19:42:08,-27.1833,151.2667,58.98,67,0,1.01,clear sky
532,Prado,BR,2021-11-12 19:42:08,-17.3411,-39.2208,71.71,93,100,15.73,light rain
533,Teya,RU,2021-11-12 19:42:09,60.3778,92.6267,-3.3,99,39,2.33,scattered clouds
534,Mulanje,MW,2021-11-12 19:42:09,-16.0316,35.5,73.72,73,100,3.85,overcast clouds
535,Araouane,ML,2021-11-12 19:42:10,18.9048,-3.5265,78.13,8,100,8.5,overcast clouds
536,Raton,US,2021-11-12 19:42:10,36.9034,-104.4391,58.64,21,6,4.47,clear sky
537,Tigil,RU,2021-11-12 19:42:11,57.8,158.6667,20.59,93,100,3.6,overcast clouds
538,Urusha,RU,2021-11-12 19:42:11,54.05,122.9,14.38,94,30,2.55,scattered clouds
539,Hamilton,US,2021-11-12 19:37:49,39.1834,-84.5333,52.38,52,90,1.99,overcast clouds
540,Takoradi,GH,2021-11-12 19:42:12,4.8845,-1.7554,80.08,85,91,8.3,overcast clouds
541,Taber,CA,2021-11-12 19:42:12,49.8167,-112.1518,58.87,59,100,14.97,overcast clouds
542,Grand Gaube,MU,2021-11-12 19:42:13,-20.0064,57.6608,74.37,75,22,3.0,few clouds
543,Ruteng,ID,2021-11-12 19:42:13,-8.6136,120.4721,64.11,95,100,2.1,overcast clouds
544,Ust-Maya,RU,2021-11-12 19:43:13,60.4167,134.5333,7.09,98,100,2.1,overcast clouds
545,Tichilesti,RO,2021-11-12 19:43:14,45.1167,27.9,39.63,64,35,0.87,scattered clouds
546,Tukrah,LY,2021-11-12 19:43:14,32.5341,20.5791,66.24,76,78,6.29,broken clouds
547,Bowen,AU,2021-11-12 19:43:15,-20.0167,148.2333,73.62,81,100,6.44,overcast clouds
548,Neyshabur,IR,2021-11-12 19:43:15,36.2133,58.7958,45.95,35,38,1.86,scattered clouds
549,Makakilo City,US,2021-11-12 19:40:01,21.3469,-158.0858,81.61,59,1,4.61,clear sky
550,Ise,JP,2021-11-12 19:43:17,34.4833,136.7,51.12,67,1,9.71,clear sky
551,Mangrol,IN,2021-11-12 19:43:17,21.1167,70.1167,75.99,36,9,9.93,clear sky
552,Manacapuru,BR,2021-11-12 19:43:18,-3.2997,-60.6206,90.18,64,87,3.33,overcast clouds
553,Sokoni,TZ,2021-11-12 19:43:18,-6.4333,39.55,80.89,79,8,11.92,clear sky
554,Isla Mujeres,MX,2021-11-12 19:43:19,21.2311,-86.731,80.17,69,98,8.7,overcast clouds
555,Amalapuram,IN,2021-11-12 19:43:20,16.5833,82.0167,76.35,95,100,5.48,overcast clouds
556,Liverpool,GB,2021-11-12 19:41:15,53.4106,-2.9779,55.78,83,75,10.0,broken clouds
557,Flagstaff,US,2021-11-12 19:38:25,35.1981,-111.6513,64.13,28,1,8.99,clear sky
558,San Joaquin,US,2021-11-12 19:43:21,37.9333,-121.3011,73.99,100,90,0.0,fog
559,Floro,NO,2021-11-12 19:43:21,61.5996,5.0328,48.16,61,75,11.5,light rain
560,Atar,MR,2021-11-12 19:43:22,20.5169,-13.0499,81.14,30,47,2.66,scattered clouds
561,Eruwa,NG,2021-11-12 19:43:23,7.5333,3.4167,78.39,81,80,7.83,broken clouds
562,Marfino,RU,2021-11-12 19:43:23,55.7028,37.3822,40.28,86,75,15.66,broken clouds
563,Sao Joao Da Barra,BR,2021-11-12 19:43:24,-21.6403,-41.0511,68.09,86,100,10.76,overcast clouds
564,Sulangan,PH,2021-11-12 19:43:24,11.1373,123.7228,82.02,81,100,12.97,overcast clouds
565,Clarksburg,US,2021-11-12 19:43:25,39.2807,-80.3445,60.93,37,40,11.5,scattered clouds
566,Viedma,AR,2021-11-12 19:43:25,-40.8135,-62.9967,82.99,33,80,8.75,broken clouds
567,Marakkanam,IN,2021-11-12 19:43:25,12.2,79.95,75.9,88,91,4.92,overcast clouds
568,Shingu,JP,2021-11-12 19:43:26,33.7333,135.9833,45.09,78,0,6.51,clear sky
569,Hargeysa,SO,2021-11-12 19:43:26,9.56,44.065,67.21,74,78,12.26,broken clouds
570,Bagdarin,RU,2021-11-12 19:43:26,54.4333,113.6,11.61,94,21,3.11,few clouds
571,Barry,GB,2021-11-12 19:41:54,51.4067,-3.2694,56.48,90,75,16.11,broken clouds
572,Amahai,ID,2021-11-12 19:43:27,-3.3333,128.9167,79.23,84,100,3.53,overcast clouds
573,Vozhega,RU,2021-11-12 19:43:27,60.4725,40.2213,30.06,96,100,3.74,overcast clouds
574,Kalmanka,RU,2021-11-12 19:43:28,52.8992,83.5433,36.7,73,79,17.47,broken clouds
575,Gimli,CA,2021-11-12 19:43:28,50.6336,-96.9907,30.22,74,100,24.16,overcast clouds
576,Okha,RU,2021-11-12 19:42:31,53.5739,142.9478,31.35,97,100,11.36,light snow
577,Kampot,KH,2021-11-12 19:43:29,10.6167,104.1833,77.05,93,100,4.97,overcast clouds
578,Bar-Le-Duc,FR,2021-11-12 19:43:29,48.75,5.1667,44.78,71,5,7.99,clear sky
579,Pahrump,US,2021-11-12 19:43:30,36.2083,-115.9839,77.05,28,0,1.99,clear sky
580,Tessalit,ML,2021-11-12 19:43:30,20.1986,1.0114,74.07,13,100,8.46,overcast clouds
581,Anloga,GH,2021-11-12 19:43:30,5.7947,0.8973,82.62,78,54,11.36,broken clouds
582,Azangaro,PE,2021-11-12 19:43:31,-14.9167,-70.2167,54.93,52,100,1.3,overcast clouds
583,Shubarkuduk,KZ,2021-11-12 19:43:31,49.1447,56.4872,29.55,72,100,16.22,overcast clouds
584,Bantry,IE,2021-11-12 19:43:32,51.6833,-9.45,53.08,88,99,10.02,overcast clouds
585,Krasnyy Yar,RU,2021-11-12 19:43:32,46.5331,48.3456,39.13,82,100,15.43,overcast clouds
586,Tautira,PF,2021-11-12 19:43:32,-17.7333,-149.15,80.62,64,59,10.87,broken clouds
587,Thinadhoo,MV,2021-11-12 19:44:33,0.5333,72.9333,81.9,78,48,13.6,scattered clouds
588,Mujiayingzi,CN,2021-11-12 19:44:33,42.1167,118.7833,28.54,71,0,8.14,clear sky
589,Valley City,US,2021-11-12 19:44:34,46.9233,-98.0032,29.14,88,100,19.91,overcast clouds
590,Bograd,RU,2021-11-12 19:44:34,54.2344,90.8328,24.91,84,100,3.58,overcast clouds
591,Husavik,IS,2021-11-12 19:44:34,66.0449,-17.3389,19.31,80,100,13.22,overcast clouds
592,Erdenet,MN,2021-11-12 19:44:35,49.0333,104.0833,27.23,42,100,3.67,overcast clouds
593,Kibre Mengist,ET,2021-11-12 19:44:35,5.8833,38.9833,57.33,89,75,2.08,broken clouds
594,Seoul,KR,2021-11-12 19:44:35,37.5683,126.9778,35.04,87,0,1.14,clear sky
595,Basoko,CD,2021-11-12 19:44:36,1.2391,23.616,71.6,95,97,0.96,light rain
596,Marystown,CA,2021-11-12 19:44:37,47.1666,-55.1483,40.86,100,62,11.65,broken clouds
597,Bonavista,CA,2021-11-12 19:44:37,48.6499,-53.1147,37.11,67,100,25.77,light snow
598,Gibsons,CA,2021-11-12 19:42:24,49.3997,-123.5027,55.4,80,100,7.0,overcast clouds
599,Bereda,ES,2021-11-12 19:44:38,43.2686,-7.5406,53.91,99,25,2.55,scattered clouds
600,Bolshaya Rechka,RU,2021-11-12 19:44:38,51.9503,104.7355,28.67,90,98,0.74,overcast clouds
601,Acobamba,PE,2021-11-12 19:44:40,-11.3525,-75.6594,61.68,70,86,8.55,overcast clouds
602,Varzea Grande,BR,2021-11-12 19:44:40,-15.6467,-56.1325,76.87,94,75,4.61,light rain
603,Cabra,ES,2021-11-12 19:44:40,37.4725,-4.4421,56.89,65,83,4.72,broken clouds
604,Algiers,DZ,2021-11-12 19:41:24,36.7525,3.042,58.82,77,75,12.66,broken clouds
605,North Bend,US,2021-11-12 19:44:41,43.4065,-124.2243,63.91,95,90,9.22,mist
606,Cacapava Do Sul,BR,2021-11-12 19:44:41,-30.5122,-53.4914,72.25,43,3,12.77,light rain
607,Triunfo,BR,2021-11-12 19:44:42,-29.9433,-51.7181,80.58,51,1,11.81,clear sky
608,Awjilah,LY,2021-11-12 19:44:42,29.1081,21.2869,67.26,52,1,7.72,clear sky
609,Nicoya,CR,2021-11-12 19:44:42,10.1483,-85.452,87.35,68,43,6.44,scattered clouds
610,Beldanga,IN,2021-11-12 19:44:43,23.9333,88.25,72.34,57,95,5.41,overcast clouds
611,Nador,MA,2021-11-12 19:44:43,35.174,-2.9287,59.07,82,40,1.14,scattered clouds
612,Oktyabrskoye,RU,2021-11-12 19:44:44,43.0645,44.7417,28.54,86,23,6.71,few clouds
613,Severnyy,RU,2021-11-12 19:44:44,50.677,36.5532,39.24,81,0,11.18,clear sky
614,Malyye Derbety,RU,2021-11-12 19:44:45,47.9547,44.6808,37.96,77,100,14.65,overcast clouds
615,Hofn,IS,2021-11-12 19:44:45,64.2539,-15.2082,36.45,88,100,13.89,overcast clouds
616,Kumla,SE,2021-11-12 19:44:45,59.1277,15.1434,38.68,95,0,5.75,clear sky
617,Izhma,RU,2021-11-12 19:44:46,65.0083,53.9113,32.68,95,100,8.95,overcast clouds
618,Hajnowka,PL,2021-11-12 19:44:46,52.7433,23.5812,38.79,86,86,1.01,overcast clouds
619,Rovaniemi,FI,2021-11-12 19:44:46,66.5,25.7167,26.01,93,0,6.91,clear sky
620,Killybegs,IE,2021-11-12 19:44:47,54.6333,-8.45,53.31,89,87,15.12,overcast clouds
621,Havelock,US,2021-11-12 19:44:47,34.8791,-76.9013,76.98,81,40,4.0,scattered clouds
622,Anchorage,US,2021-11-12 19:41:42,61.2181,-149.9003,20.95,88,90,0.0,light snow
623,Gambo,CF,2021-11-12 19:44:48,4.6482,22.2633,70.88,92,47,1.5,light rain
624,Ballina,AU,2021-11-12 19:44:48,-28.8667,153.5667,62.78,61,0,8.05,clear sky
625,Ketchikan,US,2021-11-12 19:44:49,55.3422,-131.6461,48.67,87,90,11.5,moderate rain
626,Chernyy Yar,RU,2021-11-12 19:44:49,48.0624,46.1091,37.35,74,100,15.48,overcast clouds
627,Kamra,PK,2021-11-12 19:44:49,33.7473,73.5111,49.95,27,0,9.66,clear sky
628,Kompaniyivka,UA,2021-11-12 19:44:50,48.2511,32.208,41.79,77,11,5.32,few clouds
629,Huilong,CN,2021-11-12 19:40:37,31.8111,121.655,57.04,50,79,6.49,broken clouds
630,Tiarei,PF,2021-11-12 19:45:50,-17.5333,-149.3333,80.62,64,54,11.36,broken clouds
631,Kakegawa,JP,2021-11-12 19:45:51,34.7667,138.0167,48.02,65,0,12.39,clear sky
632,Xining,CN,2021-11-12 19:45:51,36.6167,101.7667,21.7,75,96,2.68,overcast clouds
633,Onega,RU,2021-11-12 19:45:51,63.9061,38.1404,34.39,97,100,10.11,overcast clouds
634,Nefteyugansk,RU,2021-11-12 19:45:52,61.0998,72.6035,16.05,93,98,13.56,overcast clouds
635,Yumen,CN,2021-11-12 19:45:52,40.2833,97.2,26.2,39,0,19.46,clear sky
636,Rawson,AR,2021-11-12 19:40:54,-43.3002,-65.1023,71.89,68,1,14.97,light rain
637,Pala,TD,2021-11-12 19:45:52,9.3642,14.9046,80.4,25,54,3.06,broken clouds
638,Tafresh,IR,2021-11-12 19:45:53,34.692,50.013,35.82,79,45,1.48,scattered clouds
639,Jurm,AF,2021-11-12 19:45:53,36.8648,70.8342,39.34,44,0,5.59,clear sky
640,Verkhnevilyuysk,RU,2021-11-12 19:45:53,63.4453,120.3167,-0.49,88,100,6.24,overcast clouds
641,Vanimo,PG,2021-11-12 19:45:54,-2.6741,141.3028,77.41,89,90,2.91,overcast clouds
642,Gao,ML,2021-11-12 19:45:54,16.6362,1.637,80.53,8,87,12.84,overcast clouds
643,Mahibadhoo,MV,2021-11-12 19:45:55,3.7833,72.9667,81.95,78,24,20.04,few clouds
644,Smithers,CA,2021-11-12 19:45:03,54.7804,-127.1743,37.72,87,75,10.36,broken clouds
645,Yichun,CN,2021-11-12 19:41:41,47.7,128.9,13.44,98,99,2.24,overcast clouds
646,Sambava,MG,2021-11-12 19:45:56,-14.2667,50.1667,75.51,83,34,5.39,light rain
647,Pingshan,CN,2021-11-12 19:45:56,22.9938,114.7131,68.9,54,99,4.0,overcast clouds
648,Izmit,TR,2021-11-12 19:45:56,40.7669,29.9169,55.89,100,0,1.14,clear sky
649,Pirovskoye,RU,2021-11-12 19:45:57,57.6267,92.2658,13.12,96,100,4.94,overcast clouds
650,Ryotsu,JP,2021-11-12 19:45:57,38.0833,138.4333,51.46,73,95,10.69,light rain
651,Namibe,AO,2021-11-12 19:45:58,-15.1961,12.1522,71.69,82,16,5.88,few clouds
652,Talnakh,RU,2021-11-12 19:45:58,69.4865,88.3972,8.87,89,100,14.72,overcast clouds
653,Mizdah,LY,2021-11-12 19:45:58,31.4451,12.9801,59.14,25,12,7.38,few clouds
654,Kayes,ML,2021-11-12 19:45:59,14.0,-11.0,85.32,17,100,2.33,overcast clouds
655,Flinders,AU,2021-11-12 19:45:59,-34.5833,150.8552,59.2,72,99,5.99,overcast clouds
656,Dali,CN,2021-11-12 19:46:00,25.7,100.1833,49.06,91,81,1.16,broken clouds
657,Conde,BR,2021-11-12 19:46:00,-7.2597,-34.9075,83.66,70,40,12.66,scattered clouds
658,Sibolga,ID,2021-11-12 19:46:01,1.7427,98.7792,75.87,87,100,3.2,overcast clouds
659,Chirnogeni,RO,2021-11-12 19:46:01,43.9,28.2333,45.72,87,13,4.12,few clouds
660,Mackenzie,CA,2021-11-12 19:46:01,55.2999,-123.1698,39.42,87,75,11.5,broken clouds
661,Barra Dos Coqueiros,BR,2021-11-12 19:46:02,-10.9089,-37.0386,84.22,65,20,12.66,few clouds
662,Itaituba,BR,2021-11-12 19:46:02,-4.2761,-55.9836,91.56,58,20,5.75,heavy intensity rain
663,Gamba,GA,2021-11-12 19:46:03,-2.65,10.0,77.63,90,100,3.67,overcast clouds
664,Ransang,PH,2021-11-12 19:46:03,8.9603,117.5828,78.03,84,100,2.44,overcast clouds
665,Les Cayes,HT,2021-11-12 19:46:04,18.2,-73.75,85.23,64,88,9.22,overcast clouds
666,Delta Del Tigre,UY,2021-11-12 19:46:04,-34.7633,-56.3853,78.21,46,86,4.0,overcast clouds
667,Vanavara,RU,2021-11-12 19:46:05,60.34,102.2797,4.84,99,95,2.84,overcast clouds
668,Jutai,BR,2021-11-12 19:46:05,-5.1833,-68.9,74.26,94,100,1.95,overcast clouds
669,Belluno,IT,2021-11-12 19:46:05,46.145,12.2214,52.65,90,60,1.01,broken clouds
670,Kautokeino,NO,2021-11-12 19:46:06,69.0125,23.0412,17.29,97,100,3.2,light snow
671,Shumskiy,RU,2021-11-12 19:46:06,54.8318,99.1328,28.13,97,100,1.63,light snow
672,Darapidap,PH,2021-11-12 19:46:06,17.2131,120.4114,76.95,80,38,3.38,scattered clouds
673,Lakes Entrance,AU,2021-11-12 19:46:07,-37.8811,147.981,54.57,87,100,11.3,light rain
674,Olga,RU,2021-11-12 19:47:07,43.7444,135.2892,30.67,56,76,4.23,broken clouds
675,Salalah,OM,2021-11-12 19:47:07,17.0151,54.0924,78.89,69,20,3.44,few clouds
676,Tygda,RU,2021-11-12 19:47:08,53.1167,126.3333,23.92,59,92,5.53,overcast clouds
677,Asfi,MA,2021-11-12 19:47:08,32.2994,-9.2372,63.66,73,4,13.58,clear sky
678,Cervo,ES,2021-11-12 19:47:09,43.6702,-7.4101,57.96,87,19,3.24,few clouds
679,Ngunguru,NZ,2021-11-12 19:47:09,-35.6167,174.5,68.16,96,100,16.11,light rain
680,Hay River,CA,2021-11-12 19:47:10,60.8156,-115.7999,30.18,86,90,17.27,light snow
681,Piacabucu,BR,2021-11-12 19:47:10,-10.4056,-36.4344,80.31,74,49,11.01,scattered clouds
682,Zhangye,CN,2021-11-12 19:47:10,38.9342,100.4517,30.06,35,14,2.08,few clouds
683,Devils Lake,US,2021-11-12 19:46:39,48.1128,-98.8651,26.71,84,90,15.01,overcast clouds
